Metacritic score,Positive,Negative,Recommendations,Price,Average playtime forever
62,589,212,427,23.99,67
64,349,134,285,9.99,44
53,1716,628,1140,19.99,324
84,698,203,815,3.99,83
89,9516,1114,8684,3.49,168
70,207,98,102,14.99,360
86,82902,3014,80467,24.99,3574
40,245,130,226,9.99,139
87,2108,111,1996,16.24,171
92,16788,1211,13997,9.99,1034
76,332,33,317,12.99,205
51,420,147,377,24.99,54
49,5,4,0,0.99,0
81,2113,125,1992,39.99,4495
69,646,544,604,0.69,283
72,900,126,735,29.99,411
68,770,316,751,29.99,205
52,671,404,798,14.99,446
82,293,73,311,4.99,138
59,98,32,111,6.99,0
77,1079,268,1011,19.99,395
59,110,69,133,19.99,32
79,7129,401,5577,19.99,1210
68,656,297,626,19.99,187
71,1845,231,1720,2.99,352
74,3087,1188,3237,24.99,426
69,128,20,0,12.99,103
73,2479,301,2533,19.99,669
68,544,83,435,14.99,117
70,43,6,0,14.99,0
87,13145,548,13204,9.99,477
76,117,4,109,9.99,46
84,4930,168,3986,9.99,256
87,28651,1554,22056,14.99,335
71,57,89,0,9.99,38
82,1239,132,1025,14.99,231
88,415524,66608,1000,0.0,6388
87,0,0,4553,29.99,956
47,26,16,0,9.99,75
81,3578,562,3026,19.99,869
75,146,77,0,4.99,163
66,421,86,134,9.99,0
76,843,93,842,19.99,360
76,104521,3859,87888,19.99,3335
50,143,94,138,9.99,0
63,1640,794,2021,0.0,593
67,6383,331,5432,9.99,196
68,190,156,235,4.99,72
81,4137,782,2679,0.0,1531
77,1783,300,1831,24.99,244
71,4293,3045,0,0.0,1130
84,154845,5667,127087,9.99,3044
77,8056,1593,7299,29.99,485
67,88,43,114,1.99,0
75,305,61,335,7.99,939
64,772,229,893,9.99,151
67,309,64,206,9.99,243
80,4796,269,4650,14.99,178
75,72,33,0,12.99,0
81,3756,285,3760,14.99,472
86,566,361,589,9.99,96
68,178,108,137,29.99,199
58,1740,743,1608,0.0,326
76,427,94,351,9.99,40
90,1157,57,850,29.99,48
73,672,236,595,24.99,246
67,89,16,0,15.99,732
71,86893,24106,99084,19.99,7583
73,1322,155,1141,9.99,365
73,207,83,133,9.99,91
71,314,116,362,1.99,385
74,1706,648,810,9.99,320
66,505,80,430,19.99,0
39,15,34,0,19.99,5
79,25040,3101,19554,5.99,1334
81,2114,125,615,9.99,134
87,12399,637,11988,24.99,649
80,7983,488,7786,14.99,296
70,295,289,500,19.99,29
70,290,105,280,5.99,365
74,2006,267,1250,0.0,126
73,3279,455,3170,24.99,443
82,172,5,139,14.99,0
78,22365,4000,11819,0.0,1242
88,179498,9339,134041,59.99,2160
67,2687,308,2031,9.99,151
78,206,11,154,19.99,0
87,2795,155,2386,14.99,301
80,2052,250,1612,19.99,1116
75,2403,91,2247,19.99,123
82,7108,733,7023,19.99,398
88,86228,3149,81724,29.99,943
55,280,322,0,9.99,123
80,1342,204,972,9.99,66
66,4748,2863,5205,9.99,193
62,40,28,0,9.99,0
63,114,64,0,14.99,70
85,39819,4369,265,0.0,1168
82,3613,260,3320,29.99,577
78,386,31,379,14.99,42
78,82246,14439,74596,14.99,2398
72,562,64,444,9.99,333
76,334,67,318,9.99,485
86,20216,1946,16949,19.99,601
79,1517,198,716,9.99,248
65,82,1,0,9.99,77
62,59,43,0,1.99,2053
69,465,143,493,4.99,114
76,1389,136,1184,19.99,319
76,4247,178,3747,9.99,630
62,8972,1327,8052,29.99,2148
91,216,63,266,9.99,30
68,240,76,241,14.99,51
83,51,19,0,5.99,0
51,1459,1255,2025,12.99,326
82,1269,172,1238,19.99,306
83,1525,296,1255,14.99,404
70,5338,1816,6158,24.99,293
69,385,60,343,24.99,0
49,1014,1003,1486,4.99,1774
83,2155,398,2135,14.99,373
82,5820,373,4968,19.99,485
57,181,81,152,9.99,177
88,4444,791,3033,24.99,302
80,2228,110,1786,29.99,450
81,10633,968,9311,19.99,3758
64,483,117,418,14.99,28
82,4701,419,4468,19.99,215
83,159,14,141,15.99,0
77,12657,4677,48664,0.0,0
84,91816,16451,76841,39.99,1364
51,114,102,0,9.99,229
72,914,92,545,14.99,129
63,359,30,358,14.99,433
73,4396,993,5135,14.99,1185
80,5507,447,2031,4.99,182
87,2001,95,1851,9.99,262
56,68,13,0,14.99,0
68,172,113,184,13.99,381
90,4666,123,3834,19.99,669
80,16439,1597,11604,9.99,732
80,35175,7255,38693,29.99,1433
58,42,19,0,9.99,0
70,1949,1016,2743,29.99,1091
44,1253,235,749,9.99,288
58,271,97,236,14.99,243
82,163,19,160,9.99,73
70,477,119,526,4.99,1869
82,8956,583,8329,9.99,273
71,3448,706,2922,24.99,683
74,203,106,238,15.99,0
75,20,11,0,14.99,0
69,586,223,518,9.99,253
82,4358,500,3807,29.99,2644
63,101,35,101,14.99,0
73,30838,2277,25067,59.99,2544
90,28981,914,23372,7.99,444
52,160,139,253,19.99,121
85,10056,441,8330,9.99,626
80,9336,1469,8413,59.99,2087
69,8083,626,7748,12.99,1129
64,556,177,506,2.99,23
86,3235,281,3282,5.99,206
81,2565,576,2776,12.99,257
77,12819,4747,48664,0.0,0
81,10,5,0,5.99,0
88,0,0,7859,54.99,189
80,34221,8389,33902,19.99,360
85,2181,202,1693,19.99,459
84,14973,1604,15153,17.99,2298
72,1166,254,1129,9.99,384
65,237,90,310,9.99,0
77,13036,4825,48664,0.0,0
81,1429,177,1420,4.99,55
71,13760,1495,13476,17.99,769
65,437,218,579,19.99,291
81,15124,2010,12290,19.99,2975
63,0,0,201,4.99,0
85,73932,1997,63781,9.99,430
78,520,168,468,14.99,151
85,27911,3700,23658,39.99,879
66,1106,240,1028,9.99,31
60,376,218,440,4.99,250
52,125,232,216,4.99,59
84,3839,341,3761,19.99,1602
77,16071,1516,5794,4.49,305
89,5091,83,4669,24.99,1651
70,3657,2383,1861,0.0,0
40,243,146,265,14.99,144
68,1914,616,1663,3.74,182
66,215,105,129,14.99,652
74,125,64,135,5.99,0
68,484,140,526,19.99,74
68,4483,563,4016,24.99,317
64,210,19,212,9.99,0
82,29072,1691,23616,19.99,819
83,1134,101,1079,23.99,251
63,995,339,0,0.0,4570
72,1351,407,1297,24.99,993
77,1315,190,1418,4.99,100
83,825,143,776,19.99,184
79,1100,159,1147,9.99,44
77,296,66,163,4.99,193
85,794,87,759,9.99,11
66,204,34,221,9.99,104
79,1514,66,1342,6.99,183
58,31,11,0,6.99,229
73,2889,971,3132,39.99,682
76,6244,351,5554,59.99,1687
80,12728,1551,11988,24.99,539
73,1216,393,1463,19.99,171
73,8753,2135,8242,9.99,684
61,102,38,0,14.99,244
79,5179,566,3246,4.99,1397
88,67259,7930,66343,19.99,845
83,1710,77,1647,39.99,943
82,242,72,277,2.99,1
75,440,95,379,9.99,1156
86,2515,101,2470,4.99,212
81,51303,6571,53867,19.99,256
60,30,26,0,9.99,0
61,53,36,0,9.99,0
73,81,7,0,9.99,38
77,218,9,210,6.99,0
87,1722,168,1158,5.99,85
59,21,2,0,19.99,0
72,304,64,328,14.99,138
81,5087,364,3931,4.99,248
88,107896,3869,98621,19.99,763
66,774,312,864,4.99,197
74,94,17,0,9.99,912
67,200,231,371,7.99,0
66,648,126,725,9.99,201
79,94,30,0,9.99,122
72,347,55,206,14.99,166
71,713,97,586,14.99,371
67,29,14,0,9.99,39
79,12239,3661,10527,9.99,651
76,3521,362,3507,11.99,796
73,2154,374,1825,15.99,1773
81,52931,5735,49662,44.99,1900
85,1353,118,1345,9.99,46
80,4916,1493,5626,29.99,353
78,394,31,318,14.99,87
67,1451,39,1299,9.99,272
82,5625,344,2910,13.99,208
81,1784,769,2258,39.99,315
66,67,26,0,24.99,0
62,588,219,544,29.99,50
75,154,17,119,19.99,0
79,4137,342,4143,11.24,2526
85,63907,1802,49717,14.99,472
66,0,0,295,19.99,0
74,5196,1012,5250,24.99,242
64,247,132,238,9.99,2956
59,498,161,412,12.99,159
88,5009,305,4335,9.99,480
81,1187,107,1148,19.99,344
79,1503,104,1288,19.99,124
74,831,92,727,19.99,458
66,177,109,237,3.99,35
71,159,139,169,5.99,62
81,27677,2821,26016,39.99,2676
69,70,37,0,4.99,58
83,58270,3235,40989,9.99,820
78,21676,4556,17760,39.99,5202
71,105,15,0,9.99,53
78,993,427,1265,19.99,102
80,118,71,175,9.99,0
73,560,118,632,9.99,1357
61,367,100,360,14.99,506
70,5287,914,4315,19.99,260
62,8334,2619,8972,59.99,781
70,1430,133,1237,19.99,758
71,1990,235,1665,14.99,289
66,362,225,326,4.99,118
68,676,139,658,0.54,179
78,827,177,715,14.99,80
65,3777,1236,2130,2.49,392
69,19655,1381,18990,14.99,8804
81,224,29,234,6.99,0
61,22,16,0,9.99,0
84,5673,183,5397,24.99,517
88,13831,1714,14201,19.99,1277
80,32454,2335,30495,19.99,1705
77,1988,77,1552,14.99,288
64,112,48,150,14.99,0
76,293,68,235,1.49,461
87,15787,298,13937,14.99,592
60,13796,2911,13620,14.99,332
78,2987,1758,0,0.0,1361
67,0,0,179,1.99,0
64,2805,829,2336,19.99,224
70,49,11,0,5.99,0
48,2035,1766,3186,0.0,198
82,1642,151,1631,29.99,252
66,133,64,165,24.99,22
82,159,14,141,19.99,0
57,149,64,0,19.99,315
67,755,322,1019,24.99,451
77,10785,4398,48665,0.0,0
73,851,361,626,1.49,1747
71,518,96,329,16.99,303
84,143,3,133,19.99,0
75,983,66,864,10.99,295
75,1112,505,1503,9.99,597
46,151,137,254,0.0,0
84,2750,492,3021,19.99,97
71,401,302,213,1.24,284
82,6293,246,5766,19.99,863
85,47784,5347,37679,59.99,4674
84,13115,1089,12696,24.99,557
53,14,3,0,3.99,0
77,106,11,0,1.99,0
70,29,14,0,7.99,0
74,1825,1001,1752,0.0,1625
89,2223,349,2406,9.99,183
72,411,143,0,0.0,293
72,268,65,230,0.59,8
87,5034,592,4608,14.99,901
23,506,2647,2630,0.99,5142
88,38103,2799,29563,19.99,1340
69,3529,1139,3670,24.99,350
83,5561,312,4896,29.99,849
66,23722,2090,22321,29.99,1465
73,101,36,0,19.99,0
69,8087,1564,9106,19.99,664
70,265,83,0,19.99,5
61,82,48,0,9.99,273
83,5424,495,4323,14.99,711
78,41669,6187,35193,24.99,1104
76,1047,282,990,9.99,170
80,3791,361,3074,9.99,189
79,1000,127,608,9.99,194
74,275,151,217,19.99,59
63,2956,880,3077,9.99,174
63,314,66,314,9.99,287
73,101,19,0,9.99,147
73,25589,2277,11568,14.99,824
73,450,20,367,9.99,239
89,498,44,439,19.99,1
44,128,67,175,4.99,78
70,1743,557,1346,9.99,201
75,222,475,567,39.99,10
70,461567,98701,435328,29.99,10660
64,377,198,511,2.99,24
70,456,92,501,59.99,0
67,1347,620,1155,29.99,36
56,271,68,244,0.0,153
73,4737,1972,4869,8.99,320
73,5403,1986,3320,59.99,864
70,274,77,257,24.99,44
66,223,88,227,0.0,338
77,95,7,0,9.99,3
68,90487,4099,77485,19.99,1908
77,11068,4489,48665,0.0,0
85,140,11,0,12.99,275
83,8202,352,7401,9.99,498
74,84,45,106,9.99,32
78,234,37,0,14.99,115
64,13,0,0,0.0,0
83,2670,67,2344,19.99,139
83,4091,205,2799,14.99,767
77,1653,292,1730,24.99,549
81,159,6,139,14.99,276
79,1881,259,1058,9.99,185
66,3159,729,2657,0.0,1126
79,9334,753,7296,9.99,1686
84,41718,3650,41372,19.99,813
90,5266,143,5097,24.99,260
51,9527,744,9311,7.99,106
65,37,45,0,9.99,0
77,474,40,454,14.99,225
69,3003,524,2505,9.99,175
87,5555,683,5439,4.99,342
63,140,59,128,19.99,267
47,1,18,0,9.99,0
73,77,34,0,4.99,297
77,535,106,466,8.99,84
70,4802,669,5073,19.99,932
87,10666,961,7905,0.0,1169
84,875,107,465,8.99,205
47,64,55,0,17.99,3
89,19141,936,15600,14.99,736
86,12902,3896,12170,14.99,175
80,802,467,981,7.99,25
55,721,334,794,14.99,350
86,15726,2734,34616,19.99,0
70,357,98,335,9.99,937
81,7594,2317,7954,39.99,1847
73,290,62,261,19.99,450
77,574,165,547,14.99,350
67,1954,1122,2420,0.0,115
80,23432,5601,20398,44.99,2855
74,5409,1062,4666,14.99,691
84,5186,317,4601,19.99,587
79,954,159,797,14.99,578
75,13293,2177,11703,9.99,1216
77,123,16,109,14.99,264
83,403109,77006,113688,0.0,9390
70,154914,73900,196597,39.99,7432
73,2252,628,1563,24.99,422
67,2553,324,1727,1.19,45
74,304,114,352,4.99,124
77,31246,14787,9088,0.0,575
83,73926,3145,52436,39.99,1306
78,5248,828,5265,5.99,566
77,1807,250,1564,14.99,172
66,13097,3523,790,0.0,5036
63,67,32,0,9.99,7
80,1810,293,1206,12.99,3782
68,430,199,241,1.24,134
86,1516,75,2534,9.99,492
80,121,14,106,0.99,135
68,129,36,0,4.99,208
62,340,118,359,0.99,0
82,35114,6709,203,0.0,922
81,2499,133,2194,19.49,106
57,69,32,0,14.99,0
81,17569,1552,11721,24.99,3389
66,294,56,248,4.99,389
78,1914,276,1408,19.99,481
71,223,30,167,14.99,72
76,2560,732,2823,9.99,211
68,578,70,585,19.99,169
79,195,21,149,14.99,509
75,212,41,206,9.99,25
47,328,490,436,14.99,218
49,197,143,111,12.99,357
88,22494,746,16772,2.99,215
69,27,8,0,14.99,0
65,28186,3913,22765,19.99,672
58,1397,585,1490,0.0,342
49,2320,1740,2993,0.0,413
81,314,66,339,9.99,0
70,1185,183,996,4.99,91
63,2015,383,271,19.99,102
80,10342,3568,11864,0.0,1906
65,6298,853,5969,9.99,136
55,25,16,0,2.99,197
89,25897,1211,24884,19.99,150
56,131,57,119,24.99,103
81,3183,1004,2268,29.99,244
72,178,35,172,9.99,126
76,23,2,0,9.99,0
78,191,27,129,14.99,9
79,8618,776,8365,19.96,413
79,2380,257,2110,6.99,1131
77,12734,4710,48667,0.0,0
53,26,28,0,14.99,17
79,307,51,255,19.99,304
69,23,39,0,9.99,0
75,6002,2140,5788,29.99,312
59,7525,1784,6370,9.99,325
77,6495,828,5184,9.99,938
78,13225,350,11216,9.99,1346
86,112,34,0,0.0,0
56,178,102,187,19.99,197
83,2368,925,2925,19.99,0
86,391643,129925,458744,59.99,3851
73,1282,44,1020,14.99,105
80,51168,4033,47384,39.99,677
81,1389,321,1275,19.99,386
81,856,81,914,14.99,11
66,109,58,152,12.99,9
77,7201,1763,6343,9.99,1032
71,1446,375,1536,19.99,216
74,27100,4790,14010,19.79,3727
65,5622,260,3393,1.99,149
75,2789,1391,3537,6.99,166
68,50,12,0,19.99,628
75,1133,184,721,9.99,70
64,2285,363,471,2.99,267
72,24,6,0,9.99,0
78,9369,799,7808,29.99,1033
58,87,89,144,14.99,0
67,7,3,0,0.99,0
62,24121,18879,24451,29.99,1217
73,759,222,829,4.99,206
71,1873,1014,2198,29.99,304
59,267,75,308,9.99,0
75,2052,928,2268,3.49,131
82,470,35,363,9.99,711
74,64,20,0,5.99,0
73,160,30,175,4.99,42
69,509,122,449,14.99,632
76,590,120,615,39.99,156
62,348,97,375,29.99,0
65,5845,2207,5885,19.99,386
78,4466,1169,3914,0.0,287
80,376,102,441,9.99,63
81,512,334,246,19.99,0
79,1125,16,941,19.99,178
73,1870,318,2006,19.99,2086
77,9440,10637,11465,39.99,752
73,111,20,113,9.99,0
78,11931,3069,10355,14.99,791
80,12978,559,10821,3.74,300
65,476,93,505,24.99,34
63,26,10,0,19.99,0
81,60018,2217,46868,9.99,210
86,33235,4652,20153,4.49,651
65,98,16,102,7.99,0
77,2296,389,1970,19.99,732
77,1585,726,1688,14.99,636
83,2368,925,2925,19.99,794
74,357,33,298,8.99,392
61,742,80,784,9.99,284
76,415,56,223,9.99,28
75,10395,2877,9117,19.99,1297
61,0,0,109,1.24,0
69,875,117,784,9.99,87
85,159063,7906,110132,19.99,902
63,1708,433,585,9.99,218
80,546,36,483,4.99,85
84,11436,593,11325,19.99,1603
72,1914,445,1776,9.99,262
68,18,12,0,9.99,0
77,22,2,0,9.99,0
77,3232,262,1578,14.99,1272
75,4263,1176,4383,9.99,297
77,45330,12669,37377,15.99,621
81,15759,539,15140,14.99,493
91,29473,9244,37105,59.99,4574
83,1914,563,1288,7.99,30
78,226,8,207,17.99,0
65,191,164,239,4.99,17
73,587,148,501,14.99,193
75,814,150,696,14.99,654
91,69864,7030,50466,19.99,2958
65,46,24,0,19.99,0
74,887,220,975,19.99,79
70,666,205,804,9.99,19
86,16047,3455,17081,0.0,534
70,80,29,0,7.99,0
74,1416,561,1418,12.99,171
68,16,15,0,0.0,0
83,4173,908,4542,8.99,360
63,929,356,942,19.99,155
81,8851,909,7985,7.49,400
68,6678,811,6797,7.99,196
76,1869,436,1501,9.99,169
78,3215,442,2896,14.99,733
60,105,63,123,9.99,0
80,1997,173,1760,29.99,177
76,500,68,291,6.99,227
78,130,31,0,9.99,28
69,1241,204,1057,9.99,228
61,181803,57094,186025,29.99,2544
77,11203,2330,10964,59.99,1375
64,1279,235,689,19.99,926
72,322,74,248,14.99,83
82,56197,1732,34692,14.99,651
58,110,136,210,2.39,9
76,153,75,197,29.99,125
80,4359,734,4615,7.49,435
59,84,39,0,9.99,136
80,799,242,552,9.99,73
65,30,7,0,6.99,22
52,467,367,580,14.99,250
74,176,69,0,9.99,55
68,2205,467,2203,15.99,555
69,67,63,104,14.99,29
81,1295,400,1294,29.99,2308
69,123,21,108,15.99,0
82,13433,681,13570,4.99,277
69,4697,1121,4488,9.99,201
91,1929,280,2091,9.99,293
67,60,3,0,4.99,0
82,367,27,357,14.99,0
70,79,21,0,6.99,0
75,5733,455,4603,14.99,225
69,355,24,353,9.99,14
65,19314,1871,15155,9.99,1523
76,3323,544,2487,19.99,261
80,769,86,713,19.99,106
80,135,9,0,4.49,0
75,2273,1281,2472,59.99,477
65,9528,2480,9802,5.99,279
69,113,40,112,9.99,0
87,93164,14604,74106,39.99,12350
70,417,180,340,19.99,31
78,2766,568,2987,11.99,715
79,2406,71,1521,19.99,482
65,129,61,110,9.99,291
83,2071,186,2073,7.99,582
70,274,168,336,29.99,839
69,923,229,913,4.99,112
74,4956,2125,5919,19.99,1248
50,2354,1050,3316,14.99,113
45,2077,569,2313,2.39,81
74,10220,1863,11467,19.99,1236
61,748,340,544,9.99,52
67,131,47,0,9.99,15
66,45,33,0,4.99,196
74,43,10,0,4.99,366
68,10539,1446,9512,9.99,1067
72,835,213,462,9.99,300
76,76,12,0,9.99,272
48,22,9,0,3.99,0
67,189,24,158,11.99,220
74,113659,10261,85803,14.99,1168
79,2835,713,3318,24.99,284
78,94,6,0,14.99,36
68,327,55,343,7.99,40
79,436,76,448,19.99,273
68,184,66,154,9.99,257
72,12934,4022,12819,7.99,671
80,781,73,562,29.99,811
79,10728,478,9965,19.99,189
85,1427,58,1274,5.99,4386
84,1592,153,969,12.99,684
66,19,16,0,14.99,0
84,12760,1082,12402,19.99,287
74,843,84,542,19.99,103
62,84,42,0,4.99,0
71,2083,329,867,24.99,567
94,293938,16035,179390,19.99,6458
77,8219,520,3681,9.99,179
81,1397,676,1544,19.99,371
73,23908,2465,21947,34.99,1763
77,3803,4058,7198,19.99,1339
83,243,70,289,14.99,192
58,32,35,0,19.99,0
61,171,46,153,9.99,100
81,26775,3988,23278,29.99,983
62,981,1261,2164,9.99,379
92,13620,799,11225,0.0,895
71,344,97,184,14.99,200
62,2038,147,1601,9.99,260
56,238,208,299,9.99,0
84,0,0,476,9.99,0
64,1053,187,976,2.99,139
74,3322,418,2766,9.99,117
80,2338,50,2107,29.99,2498
75,45,11,0,5.99,132
81,1200,402,1448,14.99,373
80,906,259,1090,39.99,214
73,1123,142,942,14.99,115
80,39,1,0,19.99,0
73,2370,937,2805,29.99,288
65,83,31,0,24.99,0
79,2379,819,2601,29.99,1214
65,9,14,0,4.99,0
53,14,5,0,9.99,0
27,1,49,0,0.0,0
65,14,10,0,13.99,0
49,65,56,0,6.99,354
81,2108,482,2213,9.99,191
66,5446,776,4561,16.99,309
39,246,176,257,4.99,957
68,16,2,0,1.99,0
73,2396,851,2821,34.99,632
76,109,22,119,11.99,0
69,137,51,143,9.99,0
62,215,130,302,14.99,93
79,208,22,0,2.99,117
69,8199,575,7363,14.99,214
76,61,39,0,0.0,159
75,3177,477,2171,19.99,228
66,543,125,457,9.99,1441
77,24247,8758,30308,29.99,1619
63,120,74,157,9.99,0
79,2900,156,2507,7.99,179
73,2014,182,331,0.0,233
64,483,73,455,19.99,192
66,82,32,0,14.99,0
65,156,93,0,19.99,193
66,284,93,168,14.99,586
75,454,92,409,19.99,135
77,1300,88,884,14.99,171
75,97,7,0,5.19,0
71,10774,234,9167,14.99,216
83,842,124,903,5.99,209
65,68,43,0,19.99,0
77,321,58,232,0.0,279
65,1033,300,1185,9.99,271
76,2888,563,2435,19.99,555
85,744,196,850,9.99,352
65,2244,743,2542,24.99,541
86,28536,4918,25204,59.99,4136
84,20095,1997,20343,10.99,517
74,6665,1409,6079,29.99,2758
66,500,127,377,9.99,439
88,6124,701,6235,14.99,270
75,3681,328,2672,1.49,192
83,2078,373,1052,3.99,307
60,1914,550,2145,19.99,609
80,27467,6544,144,0.0,755
90,178687,7165,113301,29.99,7009
80,1413,641,1867,19.99,425
69,29710,6880,31063,29.99,2787
77,18253,628,15655,19.99,675
67,12710,4334,10792,29.99,1017
84,1034,114,905,12.99,230
56,65,34,0,5.99,308
72,1802,188,1375,9.99,599
87,6550,371,4495,14.99,109
62,494,187,487,5.99,38
87,316493,16568,242718,29.99,2211
76,5052,840,2532,9.99,242
75,1692,255,1544,19.99,160
85,18710,1329,17367,9.99,1579
87,290,64,336,19.99,651
65,14,3,0,1.99,0
85,50838,1575,47236,9.99,343
84,7977,494,7412,20.99,1333
81,4463,431,3909,0.0,1227
87,1880,525,1992,39.99,197
85,10331,482,8446,14.99,192
70,3874,573,3553,14.99,259
66,130,72,0,7.49,88
58,73,19,0,1.74,1140
72,1311,426,1238,0.99,245
65,1206,517,1596,12.99,49
79,1878,105,1442,9.99,225
59,350,58,230,0.0,42
87,1979,340,1988,4.99,268
73,441,384,481,13.37,46
80,3093,244,2026,11.99,381
79,6973,1701,7529,19.99,1591
59,2498,1215,2367,24.99,349
68,700,91,583,14.99,241
38,127,321,344,9.99,20
68,4732,859,3675,49.99,365
51,17,12,0,5.49,0
78,30090,3933,25706,49.99,3750
67,74,79,144,29.99,0
90,134711,5726,113302,29.99,0
68,12885,1081,11530,19.99,1071
85,16481,1212,14866,14.99,845
72,41355,8243,35775,69.99,3051
84,24496,4056,21214,4.99,1120
78,6020,1835,6077,19.99,1132
49,78,75,0,14.99,38
77,3790,511,3292,9.99,605
90,1607,229,1764,2.49,283
75,4835,820,4839,14.99,466
53,101,34,0,19.99,56
50,15,39,0,14.99,0
85,67663,8557,65615,29.99,1284
77,757,169,505,0.0,75
73,537,279,682,19.99,43
58,95,27,122,9.99,154
94,2492,195,1991,19.99,314
75,6035,1112,5436,14.99,692
69,258,55,292,12.99,437
79,9997,3111,10527,9.99,0
80,12933,2135,14106,39.99,1924
81,4354,490,4563,29.99,612
74,366,53,396,17.99,372
84,1204,114,735,14.99,210
91,1966,26,1460,0.0,1740
88,20720,7059,7038,0.0,3328
67,88,26,0,11.99,0
73,597,50,487,24.99,258
86,1355,198,1974,9.99,0
89,1742,42,1679,6.99,192
59,492,205,311,9.99,291
84,19404,1415,17368,19.99,344
78,223,28,177,19.99,1
69,207,50,210,14.99,55
63,384,145,433,14.99,508
66,699,227,753,19.99,342
56,30,12,0,9.99,0
79,377,49,395,19.99,0
79,35056,3276,27486,19.99,979
68,378,149,413,29.99,250
78,65,5,0,4.99,0
85,127,33,0,9.99,338
77,1256,197,704,19.99,132
84,738,224,484,34.99,117
71,643,634,323,8.99,75
72,1518,464,1540,19.99,1526
68,2122,1301,2599,0.99,538
72,105,19,116,29.99,0
80,8827,1539,7989,9.99,0
73,134,105,187,0.0,266
81,2602,421,2432,24.99,402
70,358,117,415,9.99,165
79,1224,990,1712,0.0,295
87,13923,701,8721,9.99,464
81,2966,75,2824,19.99,112
68,521,238,683,29.99,44
82,10685,2387,8920,59.99,4510
61,2699,676,2501,9.99,538
46,49,53,0,1.04,185
78,19137,2687,18575,29.99,522
86,105887,6868,90087,29.99,1203
84,54199,1923,48805,4.24,216
66,48,25,0,29.99,0
73,1506,352,1477,19.99,258
85,26351,2391,19742,59.99,6340
61,2282,221,1236,5.99,198
79,1015,193,1110,24.99,194
83,704,34,554,8.99,93
80,5229,677,3681,19.99,911
70,1013,195,842,0.99,269
86,317,60,356,3.74,149
60,669,54,592,19.99,81
74,58,13,0,9.99,0
75,373,31,301,19.99,293
77,6039,1397,5136,59.99,1010
63,125,50,0,6.99,17
65,359,240,392,4.99,157
88,10739,668,7862,54.99,289
73,491,58,206,8.99,264
65,151,60,184,29.99,213
83,368986,18577,327874,19.99,1667
77,12558,4646,48669,0.0,0
69,177,26,160,19.99,273
79,65532,11458,50384,26.79,2858
64,157,79,178,4.99,0
86,26618,7024,22319,39.99,1112
63,76,34,0,14.99,0
71,394,468,329,4.99,405
80,8625,1918,6844,13.49,849
73,1311,159,925,19.99,144
83,7250,436,6229,19.99,330
91,1578,159,1504,3.99,452
62,162,225,210,9.99,272
70,115417,92764,147067,0.0,3536
57,113,39,0,14.99,14
79,488,41,428,9.99,1159
82,417,19,126,11.99,148
94,14426,892,13107,19.99,2759
68,99,114,109,14.99,31
76,5641,1780,0,0.0,188
76,196,40,183,29.99,69
81,265,34,273,19.99,2320
87,1449,91,1380,6.99,221
84,62214,2684,50942,2.49,1787
58,88,59,108,19.99,0
80,818,165,807,39.99,321
89,1475,460,1374,29.99,3359
79,231,30,206,9.99,324
59,658,158,740,9.99,175
75,812,367,261,9.99,63
64,55,41,0,19.99,80
64,22,21,0,19.99,0
73,1112,127,1067,0.99,1036
76,343,90,394,29.99,63
80,1449,175,829,9.99,213
79,3374,248,3167,49.99,1577
69,5921,2948,3836,0.0,224
71,281,35,207,9.99,152
72,7437,1518,6634,14.99,423
85,7192,438,6931,19.99,368
81,4037,395,3777,24.99,482
78,16130,1661,11210,13.99,640
51,29,29,0,9.99,193
70,684,182,516,14.99,73
71,69,49,0,9.99,0
74,236,68,172,1.19,241
78,3995,1207,3266,11.99,308
69,2277,759,0,0.0,281
77,1375,389,899,14.99,188
86,4127,195,3761,9.99,259
88,15633,334,14165,19.99,867
30,12,24,0,19.99,0
83,47523,4485,44739,29.99,307
68,397,53,329,14.99,295
78,4228,460,2933,29.99,119
65,93,37,0,9.99,49
69,757,75,462,19.99,13
69,59,5,0,6.99,0
52,230,266,338,2.49,292
80,1505,555,1865,6.99,622
69,1726,474,1992,24.99,870
82,22620,844,21888,19.99,1119
73,572,611,774,14.99,121
89,860,71,855,24.99,16
76,59622,13989,44440,59.99,5556
72,585,173,387,4.99,190
89,12,10,0,3.99,0
79,1851,216,1708,1.99,262
71,1258,386,1231,19.99,196
78,105,31,110,24.99,294
75,3169,1196,2232,19.99,296
61,25,17,0,8.99,0
77,1996,333,1975,39.99,582
80,3005,754,2653,19.99,171
61,214,100,250,14.99,216
68,298,20,298,5.99,0
82,752,215,835,4.99,0
85,122,9,123,6.99,0
52,177,382,0,2.99,123
71,159,40,157,14.99,0
58,14,2,0,14.99,0
62,12,1,0,9.99,0
79,191,77,162,24.99,76
76,35699,2575,19306,14.99,594
77,51870,10026,48672,0.0,1914
73,112104,27418,76329,59.99,3510
56,331,125,423,19.99,120
51,321,147,413,14.99,50
80,587,45,570,24.99,231
62,1116,500,987,7.99,100
85,700,43,599,9.99,212
74,2062,401,1987,9.99,217
72,189,35,0,14.99,273
60,224,62,235,24.99,0
85,1047,282,1247,9.99,102
64,56,13,0,11.99,0
66,1214,167,789,9.99,376
56,42,35,0,14.99,0
78,3046,260,2828,2.99,269
76,2151,373,778,15.0,93
65,456,74,286,14.99,563
80,732,197,704,0.99,197
68,102,22,0,19.99,0
80,2709,341,2431,44.99,1084
77,12577,4653,48672,0.0,0
75,351,115,0,4.99,7
76,807,265,818,9.99,139
69,0,0,0,4.99,0
83,3780,130,3254,7.99,302
75,499,37,360,9.99,156
68,47,17,0,9.99,0
35,14,30,0,4.99,0
85,13659,523,11846,39.99,920
69,596,51,281,14.99,1713
65,94,5,0,9.99,0
50,16,7,0,14.99,0
54,271,120,244,3.99,129
75,9051,993,8232,19.99,234
69,2733,2236,2426,29.99,1175
60,1008,923,1368,24.99,1027
65,1870,342,1585,9.99,183
81,1946,294,1264,4.99,365
78,901,62,720,14.99,52
75,30025,7029,26715,39.99,1814
80,172,25,187,4.99,53
80,42,37,0,5.99,0
69,19,8,0,14.99,0
77,13094,760,11063,19.99,674
78,2033,296,2119,19.99,640
67,243,97,0,11.99,2
59,172,76,129,9.99,7
86,133,15,107,19.99,182
75,1720,319,1288,1.99,143
77,12469,1380,7078,14.99,379
83,3861,599,3995,5.99,641
74,533,79,592,5.99,6137
81,632,82,349,8.99,146
79,183,35,196,9.99,18
73,77,54,115,14.99,66
62,14402,988,13777,7.99,145
83,114,15,108,3.99,0
79,858,102,780,6.99,372
76,3645,483,3571,29.99,359
75,10343,623,9288,24.99,604
74,385,172,519,9.99,2362
80,585,196,552,14.99,344
85,212,4,155,14.99,0
83,3226,139,3142,14.99,485
79,3845,80,3577,19.99,91
63,1743,1007,344,9.99,1177
65,11697,2365,8973,29.99,352
81,252,48,189,19.99,0
72,770,128,765,14.99,0
80,6312,861,5567,19.99,555
64,12529,1160,11421,12.99,3719
65,253,158,289,0.99,73
85,65561,5809,54706,19.99,3905
72,1035,169,877,29.99,462
80,614,86,435,2.99,161
75,5865,1253,6082,19.99,523
81,3615,625,3169,19.99,127
68,17030,10793,9170,59.99,503
60,108,29,109,12.99,0
71,40,12,0,19.99,0
68,3293,357,2770,19.99,363
76,1844,850,2298,4.99,379
90,108353,1715,91584,9.99,484
64,2168,334,2074,14.99,341
72,12067,3340,1886,0.0,732
74,473,96,360,14.99,500
82,395,50,399,2.99,151
74,1093,306,865,19.99,681
52,744,462,797,14.99,283
58,459,192,208,19.99,31
69,1206,442,1216,14.99,563
81,3638,739,3564,0.0,5091
76,385,127,480,5.99,145
85,11893,1550,12390,19.99,860
73,9381,765,8319,9.99,766
72,2741,2507,2285,59.99,859
66,986,429,1072,0.99,976
82,82,5,0,4.99,1
72,4095,599,4069,14.99,2770
76,1712,864,2409,14.99,154
78,3396,222,2430,14.99,113
59,166,117,116,9.99,187
56,17,4,0,0.99,0
82,10198,1700,10607,24.99,358
57,1101,3107,2021,14.99,240
73,166,134,144,7.99,77
69,995,380,818,19.99,1104
53,74,53,0,2.99,0
67,875,104,503,6.74,35
80,9541,1462,8116,29.99,733
55,58,22,0,9.99,0
72,27514,2418,28320,29.99,630
76,2710,388,1921,7.99,181
73,796,259,686,9.99,491
81,246926,67506,1697,0.0,4707
77,52,6,0,9.99,0
53,1317,169,1376,19.99,152
75,3476,1402,2382,29.99,318
68,838,343,776,19.99,438
81,14502,1105,9690,14.99,2538
71,1887,343,2031,19.99,415
68,284,79,200,3.99,34
78,2097,368,1973,24.99,706
81,148,2,122,19.99,0
62,442,207,223,2.99,35
76,1393,172,1270,24.99,134
67,322,132,255,19.99,381
86,33220,4133,34628,19.99,1323
85,24527,1115,22704,29.99,669
61,1446,768,1495,19.99,199
35,130,27,127,0.59,0
71,77,3,0,14.99,0
70,325,68,335,15.99,171
82,226,153,0,2.99,97
55,514,176,450,19.99,316
69,1388,1080,1769,14.99,54
80,1040,150,513,9.99,156
65,604,417,868,59.99,742
82,5338,339,3985,14.99,555
67,559,85,607,5.99,6
65,191,36,109,14.99,0
77,2372,96,2207,7.99,120
74,25111,3184,16661,9.99,552
75,22125,5688,24290,19.99,1410
90,1477153,300437,14300,0.0,37162
57,923,220,950,4.99,53
80,304,96,127,2.99,214
54,125,76,112,19.99,220
72,872,124,758,19.99,407
77,3546,481,2948,24.99,3066
72,147,51,129,14.99,198
75,114,58,137,13.99,0
81,645,88,577,14.99,51
63,491,230,560,10.99,3532
41,80,31,0,19.99,0
60,1891,245,1892,4.99,2300
43,0,0,0,14.99,0
86,241,135,285,12.99,1155
73,106,26,120,2.99,0
86,2195,476,2298,23.99,77
69,1364,517,1051,0.99,367
67,27,15,0,7.99,142
72,1477,1067,1669,14.99,430
51,251,181,303,8.99,76
82,466,378,716,14.99,44
82,4094,505,4278,17.99,2948
58,29,17,0,2.39,2054
69,1051,177,992,29.99,1108
79,1140,137,865,16.99,7
76,132,19,132,4.99,0
70,44,27,0,3.99,326
53,30,35,0,19.99,0
74,3250,2613,3126,29.99,422
77,565,47,555,14.99,0
57,343,349,537,24.99,335
71,1379,132,1346,9.99,311
76,862,261,968,14.99,112
32,67,43,0,4.99,233
67,4490,1357,4828,4.99,379
71,6850,2451,7632,11.99,351
54,109,133,184,19.99,26
69,92,13,0,14.99,585
74,86,10,0,19.99,275
73,945,102,746,14.99,165
70,876,136,710,9.99,196
57,40,104,116,4.99,0
79,1620,229,1267,0.0,222
79,384,17,351,19.99,0
76,15326,2017,14229,39.99,4649
46,10,28,0,2.99,1
72,4788,446,4506,14.99,845
69,161,125,177,2.99,97
64,772,75,0,0.0,9
72,3552,290,3380,7.49,691
73,127,28,126,0.51,248
79,1674,105,905,2.99,218
83,10236,902,10469,29.99,1307
82,9759,457,7721,29.99,1804
67,8436,2045,6583,24.99,1037
77,28716,676,25432,14.99,502
34,35,12,0,2.99,0
83,6350,444,4004,14.99,289
80,3698,3392,792,0.0,1877
80,9203,1019,5795,19.99,664
76,11119,826,9333,14.99,264
80,2095,239,2075,19.99,603
81,12323,8735,12693,39.99,1708
67,198,106,136,0.99,237
76,274,68,280,14.99,22
76,2601,159,2319,19.99,505
84,0,0,0,19.99,0
80,43963,1906,43397,19.99,1486
77,1769,104,1427,17.99,44
59,69258,2762,61277,9.99,437
74,15023,3441,1439,0.0,232
74,7498,2905,5192,19.99,264
70,1655,723,0,0.0,40
69,292,96,261,14.99,0
55,216,45,0,12.99,374
84,862,45,772,19.99,219
55,346,533,558,9.99,152
71,923,217,929,19.99,3648
83,16181,620,12807,59.99,4992
57,724,420,888,29.99,793
50,21,12,0,9.99,0
76,297,17,267,10.99,0
80,18844,2094,14900,14.99,395
88,13018,1863,10569,39.99,1953
93,3749,156,3699,39.99,1350
76,4793,1368,4700,29.99,726
79,550,187,629,0.0,252
88,99479,5321,84833,9.99,3508
94,35307,1639,29646,19.99,0
66,1253,372,1175,19.99,136
84,7898,2665,919,0.0,1261
54,1170,372,1104,9.99,81
81,87281,16216,80521,59.99,2389
75,60,1,0,10.99,0
81,2737,1182,1729,34.99,1042
68,110,34,116,4.99,87
79,5736,571,5438,24.99,238
52,2148,1016,1194,19.99,65
83,11854,306,9234,9.99,278
74,7761,1545,7467,19.99,567
50,1305,101,1205,5.99,223
80,1966,660,1291,9.99,20
79,371,204,135,4.99,6
65,810,402,0,0.0,217
72,1057,276,1040,14.99,132
74,776,193,913,3.99,179
80,64084,18659,63527,29.99,5981
67,961,397,1029,0.0,162
78,1392,78,1269,4.99,530
81,3702,540,3324,9.99,119
71,406,161,447,9.99,573
65,6260,1868,6287,14.99,373
64,2626,884,2051,34.99,381
79,1219,99,918,19.99,100
67,1032,230,1165,19.99,176
75,5043,715,5196,24.99,1179
77,2949,2132,3194,0.0,290
73,3105,453,3140,19.99,814
81,84095,20197,1289,0.0,4216
69,2614,303,2227,9.99,333
79,736,82,665,9.99,94
87,2395,99,2162,5.99,183
81,597,150,477,9.99,124
83,280999,47510,9213,0.0,2506
72,5603,637,3490,9.99,461
77,1596,310,1557,19.99,542
78,411,118,255,9.99,127
77,21561,2329,18790,24.99,690
81,146,9,150,6.99,0
70,1513,110,1333,9.99,151
75,270,57,227,14.99,49
85,4075,370,3804,39.99,711
64,4143,2003,1774,3.99,1090
68,408,26,368,14.99,190
85,5252,559,5416,14.99,571
69,4068,1161,4203,29.99,311
49,392,66,243,4.99,356
86,765,89,735,6.99,73
83,1547,91,1251,5.99,94
61,66,58,0,0.0,27
87,856,77,608,19.99,408
80,637,22,576,9.99,138
76,392,97,358,9.99,0
43,14,53,0,14.99,212
37,339,645,601,29.99,0
83,27006,1594,25497,19.99,319
71,3464,246,2873,11.99,107
76,3633,366,3099,39.99,759
72,62,24,0,4.99,16
72,3382,1403,3901,19.99,77
58,359,195,291,3.99,574
55,3534,1101,3677,14.99,208
78,467,115,489,4.99,90
68,1569,442,1660,19.99,356
73,3110,257,2893,24.99,381
89,24733,13341,23354,19.99,2735
79,668,128,715,7.49,59
79,849,134,243,19.99,14
90,14222,832,12669,10.04,966
69,30586,7573,27386,7.49,2228
62,97,78,108,9.99,0
75,342,37,308,9.99,508
68,31410,3179,26839,29.99,4041
63,60,44,0,19.99,0
73,102,49,0,19.99,0
93,3359,84,2970,14.99,186
77,4077,265,4160,3.99,149
70,22,9,0,9.99,20
64,18888,3617,191,0.0,2035
77,1917,335,1537,9.99,230
77,6433,867,6759,2.99,251
74,338,14,318,9.99,0
74,17367,1824,5644,0.0,375
69,1646,443,1577,12.49,277
79,1420,481,0,0.0,59
52,3119,1675,2869,19.99,636
70,24,4,0,2.99,0
62,4536,1057,4779,14.99,303
55,69,8,0,0.0,288
63,1548,76,1518,6.99,220
87,1142,170,1195,19.99,536
82,669,21,642,19.99,1219
53,71,98,128,9.99,667
76,6609,2185,147,0.0,1917
66,86,25,0,14.99,0
83,17093,3084,15962,49.99,5264
64,273,154,328,19.99,0
71,719,242,281,9.99,191
76,295,118,359,39.99,3479
68,156,69,123,7.99,162
73,22,10,0,0.0,0
77,5471,704,4927,9.99,1005
57,72,26,0,2.99,0
70,113,22,125,14.99,0
86,60877,7951,63798,9.99,822
78,1831,174,1643,19.99,445
74,5506,1355,5884,49.99,605
70,48,10,0,9.99,0
60,44,6,0,9.99,0
71,272,46,223,19.99,169
77,8253,1392,7783,12.99,327
76,141,13,133,19.99,413
91,16469,1698,16519,29.99,2369
48,15,4,0,14.99,0
92,6355,481,5115,19.99,1183
70,1553,602,854,9.99,132
77,354,137,443,9.99,401
82,9944,2192,11064,39.99,1086
75,1146,145,936,19.99,443
90,11145,601,10263,6.99,246
89,16580,547,15622,19.99,538
56,377,518,725,29.99,77
43,2681,754,0,0.0,94
82,59,16,0,9.99,1
52,163,158,256,14.99,153
53,36,38,0,9.99,0
78,3536,434,3193,29.99,212
71,131,10,0,19.99,0
65,425,222,0,0.0,241
72,588,36,561,4.49,0
80,10524,640,10220,14.99,156
80,1199,309,593,19.99,174
72,12218,3404,13265,34.99,610
75,78,51,0,0.99,73
78,7814,268,6485,12.99,318
77,415,137,477,4.99,302
72,22152,2904,18756,29.99,492
73,106,38,131,6.99,0
72,4729,583,4939,34.99,355
81,6399,2041,6302,59.99,444
88,135151,5348,92195,9.99,9171
73,34,6,0,12.99,435
71,606,198,558,4.99,155
77,84,117,126,4.99,0
87,1153,159,1251,9.99,144
74,1494,163,1477,19.99,114
45,270,266,258,5.99,474
48,74,114,169,9.99,0
65,2561,812,3110,19.99,205
81,2310,661,2282,9.99,432
93,141779,5852,128257,44.99,4120
59,525,206,549,14.99,203
82,15590,1251,12737,4.99,466
89,90731,3749,81650,39.99,932
84,693,51,678,10.49,115
68,49,3,0,14.99,146
61,395,104,411,9.99,246
75,6,7,0,9.99,0
70,152,73,178,9.99,8
72,246,28,152,9.99,213
81,2315,143,1717,9.99,343
94,119516,6099,93311,29.99,719
71,439,49,407,9.99,442
78,14813,8585,9112,59.99,544
76,5969,930,4654,14.99,250
74,5454,234,4755,12.99,140
81,1884,580,476,0.0,610
39,64,117,0,3.99,0
80,11600,2368,10656,19.99,236
84,63,6,0,3.99,305
78,9620,2552,8896,14.99,243
83,2589,222,2642,24.99,302
82,56628,12268,48422,39.99,2754
65,1070,348,1224,19.99,159
81,468,108,287,14.99,299
69,639,181,590,12.99,269
78,13493,8403,9112,59.99,1516
71,1094,208,954,14.99,537
63,865,406,882,4.99,141
83,27583,9318,26259,29.99,787
73,25,5,0,19.99,129
68,247,41,240,4.99,234
78,18516,2785,14217,39.99,1149
72,736,145,611,29.99,74
65,1589,514,1510,29.99,417
66,137,122,0,14.99,211
56,4806,724,2291,0.0,215
77,129,16,102,19.99,221
75,1112,340,742,29.99,369
75,3507,218,3203,24.99,1006
68,224,9,207,9.99,0
38,7455,1873,7007,29.99,925
75,581,199,348,14.99,219
66,36,9,0,14.99,0
71,7860,968,5974,0.0,310
73,590,244,576,19.99,406
76,319,159,409,4.99,34
74,6341,910,5697,19.99,187
84,54848,12144,606,0.0,1706
89,478,43,493,9.99,272
69,628,177,683,4.99,652
65,736,337,800,49.99,758
72,107,126,101,9.99,215
67,330,59,303,14.99,79
62,2655,389,2469,19.99,206
77,68,15,0,14.99,0
80,10800,1219,8747,19.99,767
73,1478,282,1099,4.99,332
76,47058,5906,45485,19.99,635
58,90,56,121,4.99,0
65,256,132,241,5.99,2173
40,192,116,230,4.99,195
76,8882,889,7606,19.99,403
84,51759,2493,41402,4.99,1288
83,6327,529,6114,9.99,589
80,4480,389,4360,19.99,286
49,115,62,137,1.99,0
73,67,25,0,2.49,0
67,176,149,0,2.99,211
61,632,282,798,9.99,157
62,1031,417,817,19.99,586
81,87943,9721,81882,14.99,945
67,221,65,256,9.99,0
80,61,52,0,19.99,0
75,3590,917,3962,29.99,1375
53,30,17,0,19.99,58
82,426,53,411,9.99,1053
59,62,13,0,19.99,320
70,2311,345,1076,2.99,152
85,1714,88,1647,19.99,686
88,110,38,141,9.99,18
82,243,59,261,6.99,274
60,1308,404,1385,0.84,189
81,121,76,0,19.99,0
75,279,9,121,14.99,241
66,915,175,684,4.99,218
78,2457,390,1814,14.95,200
58,189,39,106,9.99,229
72,5117,411,4407,9.99,906
76,267,239,368,9.99,256
90,13801,1156,13128,14.99,496
83,337,71,275,9.99,99
64,28,4,0,6.99,0
68,397,123,282,24.99,393
75,675,140,665,0.79,337
68,965,291,1124,9.99,95
66,63,34,0,3.59,616
77,1021,42,1020,2.99,0
82,1728,163,1362,19.99,452
76,116,3,0,24.99,0
72,565,198,565,15.99,194
80,799,146,804,14.99,28
41,651,585,656,9.99,257
68,2168,315,2060,14.99,268
53,229,189,327,34.99,78
87,107577,8177,80874,59.99,12635
68,36,7,0,14.99,0
76,313,104,220,19.99,300
67,2175,1227,2668,19.99,707
58,680,413,895,19.99,518
50,139,91,193,4.99,0
91,154,9,0,0.0,0
88,195,19,188,14.99,0
76,2416,375,2374,12.99,405
63,204,265,372,29.99,221
65,273,89,282,2.99,0
69,980,361,1043,9.99,148
90,25868,2598,15251,24.99,3458
77,1595,290,1518,8.99,224
80,415,67,267,9.99,213
69,61,58,0,4.99,14
75,643,201,716,14.99,383
69,0,0,0,4.99,0
80,164,19,159,14.99,575
75,464,110,528,4.99,207
83,1066,79,944,24.99,251
84,500,121,445,4.99,23
73,9544,1153,9742,19.99,216
82,61153,6739,30307,0.0,2309
83,2243,127,2148,14.99,41
72,3244,801,3045,0.0,0
74,1607,95,1286,29.99,160
50,1291,1093,1889,4.99,123
55,132,35,102,4.99,11
76,598,178,683,6.99,133
73,488,248,596,14.99,108
85,112,33,125,29.99,0
69,452,63,379,12.99,187
85,22309,1547,14830,29.99,1123
72,3546,1540,4884,39.99,1365
82,276,19,283,34.99,0
70,52,31,0,14.99,0
74,6026,464,4946,24.99,224
83,6076,86,5544,44.99,2837
82,166,26,144,19.99,0
57,822,466,917,9.99,213
76,1322,304,1419,19.99,56
73,20504,467,19950,4.99,177
71,65,18,0,14.99,0
85,127,27,143,3.49,16
82,73796,14606,65642,29.99,2032
57,77,38,0,29.99,159
90,256,210,375,4.99,23
81,111202,22833,103792,19.99,6074
80,173,53,191,14.99,23
74,439,142,400,19.99,61
86,206420,8185,130347,14.99,718
66,7863,3377,4436,19.99,310
62,78,77,133,1.79,450
81,1042,108,615,7.99,110
78,358,53,354,14.99,914
68,305,19,248,19.99,146
80,274,93,174,12.99,0
66,19226,3256,16726,39.99,410
70,85,20,0,9.99,0
78,16568,945,12618,19.99,1764
57,89,64,140,24.99,342
75,867,158,886,4.99,1110
52,840,774,1376,29.99,186
76,3181,1096,3476,19.99,2157
72,3663,883,3045,0.0,147
81,145902,11330,115043,14.99,4476
81,23426,967,21124,19.99,294
74,706,95,269,14.99,149
68,19146,3482,14148,19.99,558
64,369,370,594,4.99,18
74,3127,296,2760,9.99,157
84,28120,3435,16970,0.0,22882
72,143,25,0,0.0,0
76,11044,1424,8653,14.99,508
59,33,23,0,12.99,0
65,219,49,191,0.0,44
62,122,150,148,9.99,0
87,36158,6261,34672,6.99,928
72,280,124,330,9.89,0
70,5078,1578,5008,19.99,722
71,122,17,0,17.99,0
38,154,186,240,9.99,14
86,233,161,372,6.99,2
63,239,185,142,19.99,70
80,7480,875,7857,29.99,1117
79,425,102,365,19.99,44
78,6558,635,6428,19.99,754
76,1424,156,1494,19.99,108
84,1616,788,2172,0.0,586
63,49,23,0,11.99,0
79,14900,2460,8652,19.99,349
85,262,18,253,9.99,13
85,2741,237,1559,14.99,178
83,289,71,330,24.99,0
81,887,152,915,2.99,162
83,23498,4082,22516,6.99,807
85,49197,9097,21579,0.0,954
62,40,35,0,14.99,0
75,1276,344,1276,19.99,249
80,444,71,205,7.99,43
68,539,143,643,9.99,262
82,14023,2611,13277,29.99,1559
72,444,13,240,9.99,129
60,117,22,130,14.99,91
60,478,558,690,32.99,801
63,69,49,0,9.99,0
77,208,23,153,12.99,467
78,33,7,0,29.99,0
77,199,41,191,7.99,76
82,889,37,873,5.99,133
77,1876,149,1835,9.99,3040
84,43900,4403,38169,14.99,610
76,1120,390,1187,2.99,350
66,11047,5360,11055,59.99,1015
70,2546,548,2098,14.99,468
72,388,147,446,9.99,315
68,475,97,258,19.99,199
77,10646,4341,48677,0.0,0
93,190880,2662,178350,24.99,2075
75,2391,284,2061,1.99,337
73,358,63,314,6.99,80
76,1460,277,1367,14.99,109
52,195,139,241,9.99,92
64,1346,905,1855,4.99,60
76,562,102,427,9.99,318
68,66,29,0,6.99,0
84,257,29,175,7.99,6
74,694,350,731,0.99,190
76,1826,191,1848,16.99,44
64,229,77,235,19.99,110
44,58,48,0,19.99,0
76,11817,1473,11577,19.99,467
57,995,302,999,1.99,358
76,1265,129,1256,19.99,351
79,606,193,651,9.99,391
78,2062,130,2002,9.99,214
69,1520,915,1208,14.99,175
80,2586,241,2377,9.99,226
77,1825,781,1925,9.99,121
74,742,177,489,8.74,191
80,3637,548,822,1.99,165
79,147,59,170,0.0,29
49,127,322,227,14.99,123
59,4867,680,456,0.0,1063
66,921,173,696,19.99,795
50,421,281,620,6.99,80
76,3136,118,2592,14.99,456
79,27578,1434,13202,14.99,895
68,504,136,606,19.99,0
57,75,15,0,9.99,0
53,1027,956,1659,19.99,377
75,7895,3097,7518,29.99,409
85,199048,7354,138909,24.99,3323
79,15805,3953,12472,29.99,561
81,1345,131,1358,13.13,130
84,71,24,0,5.99,0
66,1634,800,2188,14.99,143
76,177,21,187,6.99,0
79,43271,861,35071,29.99,1147
72,21834,2672,10959,19.99,233
85,77,4,0,12.99,0
75,2509,309,2167,7.99,146
83,3551,155,2320,39.99,3387
80,369,26,338,7.49,18
76,1659,692,1141,19.99,327
80,1023,126,689,9.99,107
70,3903,905,2061,19.99,397
70,2613,248,1897,19.95,389
84,131,23,260,4.99,9
80,7,0,0,5.99,1
77,12513,901,9048,19.99,433
79,256,27,254,14.99,10
85,1367,94,1119,0.0,266
83,65,13,0,7.99,0
79,1844,196,1176,9.99,372
70,227,47,266,29.99,0
68,80,27,0,19.99,244
82,23178,2360,22728,19.99,630
80,596,89,364,14.99,305
72,278,52,205,9.99,351
78,8890,2453,9771,19.99,907
75,5061,803,3296,19.99,603
77,2772,1281,2433,29.99,540
72,1855,549,1571,19.99,356
72,361,114,353,19.99,264
45,1427,2610,3203,9.99,173
78,589,110,476,5.99,457
74,400,58,329,14.99,163
73,10687,7067,11310,29.99,343
63,165,102,152,14.99,8
63,65,101,129,14.99,181
54,8694,6043,9493,19.99,602
75,1528,559,1441,11.99,306
75,15683,930,15513,19.99,196
77,805,199,806,14.99,127
68,322,56,111,1.19,200
74,204969,21853,170391,29.99,12276
76,698,118,572,19.99,307
76,262,32,241,24.99,57
81,616,185,615,19.99,510
78,1311,101,653,14.99,248
65,34,40,0,6.99,50
79,383,25,281,19.99,0
75,3179,504,2695,14.99,696
55,493,328,729,14.99,478
87,30274,5300,30555,4.99,2223
79,5828,572,5615,14.99,829
70,820,79,849,7.99,45
48,217,94,137,3.99,0
47,266,164,162,19.99,204
76,3094,416,2641,9.99,249
63,80,82,136,19.99,0
75,3723,305,3268,24.99,542
75,1670,201,959,9.99,126
66,7488,1406,6407,3.99,141
83,5978,319,5425,4.99,268
79,11635,913,0,0.0,523
74,1061,168,723,19.99,460
36,64,34,0,0.0,0
81,4575,228,3862,6.66,288
69,23716,3895,21902,19.99,1787
69,944,117,362,14.99,124
69,272,93,194,9.99,72
77,4220,455,3758,14.99,369
78,102,30,0,5.99,2
75,938,569,908,9.99,93
80,245,172,231,9.99,27
52,184,55,171,19.99,7
87,20795,856,19208,14.99,494
57,25,6,0,9.99,92
54,129,66,181,14.99,0
86,2679,393,2499,19.99,411
82,11983,1507,12382,26.24,866
57,54,51,0,7.99,36
59,128,48,0,9.99,0
61,1655,691,1332,14.99,180
70,39,14,0,9.99,0
69,55,23,0,0.99,15
72,0,0,454,4.99,0
54,3123,1656,3129,29.99,1415
84,5895,625,5109,14.99,232
86,117,17,128,4.99,0
78,395,9,315,19.99,0
64,927,747,1019,19.99,42
78,100,5,0,7.99,0
47,291,613,352,8.99,212
60,149,117,0,11.99,152
78,2093,204,1818,1.99,379
83,38439,3363,35258,19.99,2558
63,533,100,452,0.0,0
57,633,253,464,9.99,33
75,516,51,493,14.99,59
81,6342,1584,6475,29.99,183
67,585,105,601,9.99,83
77,677,82,574,14.99,546
72,702,69,528,14.99,302
63,47153,10891,1329,0.0,651
60,325,188,343,9.99,639
72,1283,184,932,19.99,109
62,3397,886,3239,14.99,289
89,18448,2498,13161,29.99,1892
77,3359,190,2920,9.99,328
72,24,12,0,3.99,0
62,10483,4022,9086,4.99,371
83,6828,4586,10372,19.99,1827
82,1849,486,2183,9.99,545
62,97,22,0,9.99,0
85,100,39,0,9.99,997
69,410,212,453,4.99,332
82,191,44,191,29.99,2
69,134,21,0,9.99,294
76,31,7,0,1.99,225
75,1233,111,1051,19.99,0
35,85,106,152,4.99,672
65,225,121,159,14.99,29
72,689,165,616,1.19,548
62,52847,25146,951,0.0,1501
91,71574,5380,51198,49.99,4888
72,212,20,172,4.99,34
85,4794,205,2809,4.99,558
82,881,82,767,2.49,1060
80,1251,258,938,9.99,733
75,652,127,547,4.99,145
80,160,27,0,0.0,0
74,3350,329,3187,14.99,957
81,1273,100,1154,39.99,915
72,749,130,736,19.99,195
78,254,146,195,24.99,146
70,134,88,0,2.99,6
77,1326,440,1347,19.99,230
80,3057,213,2664,14.99,225
95,298300,3638,243925,9.99,874
82,147,24,130,9.99,0
62,1049,856,1662,26.99,689
64,247,160,190,4.95,20
63,316,62,266,9.99,420
81,2644,200,2327,1.29,185
67,0,0,310,6.99,0
89,3583,349,3245,9.99,234
68,29,14,0,9.99,90
56,101,54,108,9.99,255
68,260,184,247,9.99,286
80,4194,1379,4264,39.99,1656
72,13154,3883,9214,9.99,728
72,636,70,418,9.99,209
78,4967,634,4916,19.99,214
66,1120,270,1101,14.99,100
76,511,52,429,19.99,0
66,284,244,399,14.99,4415
81,184,14,192,9.99,5
82,136,10,135,9.99,95
61,106,253,0,0.0,1
69,556,144,633,19.99,105
66,55,15,0,9.99,0
95,153381,2059,243925,9.99,0
60,786,68,821,19.99,168
74,1699,102,1368,24.99,706
79,15678,7033,20063,9.99,793
67,123,35,125,5.99,0
38,270,74,291,14.99,471
78,1195,124,1145,9.99,76
82,252,34,257,7.99,210
81,743,66,709,9.99,30
72,3112,1617,2932,0.0,226
59,214,204,329,19.99,107
57,186,85,190,11.99,78
80,2558,62,2220,5.99,247
77,568,35,512,14.99,0
69,1125,552,1083,4.99,92
85,187151,13180,148933,29.99,3530
54,18,30,0,1.24,0
84,316,31,260,4.99,9377
86,211,47,205,9.99,0
88,306872,51885,220315,29.99,10717
41,24,12,0,9.99,0
82,32180,1165,21606,12.99,4498
75,3105,194,2797,9.99,296
81,627,261,485,2.99,149
77,8902,1456,6509,6.89,426
82,35,1,0,7.99,0
74,1569,372,1420,19.99,698
82,12232,1259,10535,7.47,559
67,69,20,0,9.99,82
83,358,104,776,19.99,0
82,3526,470,3539,6.99,241
78,2074,781,1832,39.99,551
76,470,115,498,24.99,199
69,415,180,0,0.0,620
74,47,9,0,4.99,0
65,55,28,0,14.99,276
70,1524,659,1368,12.99,515
65,458,273,430,9.99,256
73,324,189,329,2.99,82
83,4616,655,4228,49.99,1620
67,309,55,268,14.99,0
74,123,20,112,5.99,0
66,535,180,409,19.99,0
63,660,70,669,19.99,230
71,192,93,222,19.99,63
81,90636,1970,81934,19.99,860
81,1073,54,635,4.99,43
73,1067,389,1046,3.24,503
70,1003,161,901,17.99,216
48,1153,729,1520,19.99,305
87,143,3,137,9.99,0
76,146,15,121,14.99,64
46,157,105,187,24.99,0
42,73,92,121,19.99,0
85,605,81,370,39.99,146
67,185,54,121,14.99,24
69,632,181,771,9.99,145
75,56,31,0,14.99,0
80,24986,1014,20280,14.99,610
84,783,116,805,9.99,14459
78,658,176,391,12.99,42
73,155,43,136,14.99,0
72,585,79,566,9.99,513
84,62666,2675,45398,9.99,1460
76,443,71,336,9.99,84
80,52,32,0,9.99,0
84,1308,64,1235,19.99,245
71,72,4,0,9.99,107
79,482,29,373,19.99,442
79,1208,350,1073,6.24,313
70,130,54,132,0.99,28
64,1328,705,1358,9.99,436
79,443,73,409,9.99,39
75,3552,259,2337,14.99,289
66,206,67,178,19.99,123
68,9148,547,5785,14.99,300
58,94,41,0,9.99,0
69,362,95,312,19.99,180
81,27291,2839,12315,39.99,1295
74,407,21,401,5.99,0
68,26,3,0,9.99,466
69,60,37,0,9.99,663
89,3380,467,933,0.0,350
72,326,66,323,4.99,49
80,15697,1173,8732,14.99,316
82,7488,961,6439,19.99,193
75,674,101,721,19.99,289
80,922,115,584,0.99,234
76,4473,607,4284,14.99,451
67,316,122,361,0.0,293
37,146,217,130,4.99,90
83,1954,219,1772,19.99,516
78,794,48,714,14.99,0
76,80877,37476,70555,14.99,2585
60,703,353,642,9.99,153
86,2504,616,2812,6.99,1169
55,50,5,0,11.99,0
64,3242,633,2761,19.99,556
74,451,67,429,24.99,655
66,2107,235,1939,9.99,747
73,755,96,266,5.99,46
74,2611,410,2748,9.99,197
92,175161,6074,159556,9.99,861
86,12343,597,10010,4.99,143
85,70047,6581,52049,0.0,4336
69,125,8,0,9.99,0
78,1865,75,1669,19.99,93
74,591,129,537,14.99,994
83,20845,1589,17703,19.99,130
68,90,76,0,12.99,166
84,2372,159,2385,14.99,135
62,339,564,427,9.99,210
77,359,37,326,9.99,281
70,8190,948,7025,19.99,379
65,75,21,0,5.99,0
83,19580,708,19056,19.99,1903
64,137,18,115,16.99,0
65,1492,191,1245,0.69,165
85,3275,129,3158,19.99,169
74,34954,4803,25470,19.99,1030
72,13206,1866,11712,44.99,933
82,861,242,835,4.99,312
81,616,27,572,19.99,27
60,1615,688,1579,14.99,384
77,134,15,131,5.99,789
77,35,3,0,13.99,0
83,19693,939,16939,29.99,400
58,1566,624,1254,14.99,105
78,1197,115,1096,29.99,3078
77,2582,355,2710,9.99,998
50,1220,381,1351,0.54,126
41,76,159,127,2.99,0
76,949,76,857,14.99,376
68,62942,16629,54694,15.99,8250
83,2986,223,2154,19.99,275
76,923,255,1085,9.99,56
76,201,95,190,19.99,86
80,510,773,1185,9.99,138
82,95,9,0,4.99,4
74,354,145,328,3.99,56
66,3727,1238,4035,14.99,619
72,95,152,179,9.99,284
63,1273,417,466,9.99,65
76,77,12,0,19.99,71
92,823693,56683,14410,0.0,9916
75,769,93,538,9.99,168
77,2350,400,1770,9.99,137
47,804,1369,1896,9.99,635
83,774,93,782,9.99,620
73,352,27,182,0.0,330
71,263,92,158,1.19,87
87,3278,464,3203,19.99,862
83,1281,69,1206,59.99,602
89,52,25,0,9.99,0
67,82,64,113,14.99,3
29,275,671,415,0.0,405
74,1664,261,1627,9.99,77
71,89,31,0,9.99,0
61,4726,978,4346,9.99,225
63,479,244,601,18.99,337
71,27,6,0,9.99,0
64,1913,782,2022,9.99,220
78,1566,233,1538,0.0,411
89,0,0,5320,29.99,0
68,275,116,348,14.99,1965
73,1538,1703,148,0.0,38
55,722,244,814,34.99,636
42,44,21,0,1.99,0
29,782,388,822,4.99,8
24,1063,1749,2065,11.99,1257
50,284,428,467,0.59,146
86,9822,333,6927,49.99,6896
63,1343,1074,1645,19.99,2125
78,1540,242,1536,4.99,25
72,18566,3860,20485,29.99,1146
78,36,2,0,14.99,0
89,4795,2145,5110,9.99,279
65,474,81,392,7.99,2275
80,837,193,790,14.99,54
66,154,56,141,3.59,0
57,140,126,171,2.99,5
79,5318,844,3226,14.99,396
70,744,120,757,6.99,92
92,4396,277,5062,9.99,0
75,1102,207,739,9.99,95
68,65,15,0,0.0,302
78,168,14,135,39.99,1
69,395,151,341,7.99,9
71,12849,2749,12631,9.99,226
69,1418,253,680,14.99,341
77,541,97,537,4.99,103
78,33986,6189,28887,31.99,619
83,69,2,0,14.99,0
83,1807,307,1979,9.99,61
78,220,6,204,9.99,77
75,1795,277,1662,1.99,233
54,6212,2935,4895,3.99,411
92,2764,234,2394,6.99,70
77,160,33,142,3.99,132
81,11537,1164,10169,16.99,269
70,9305,2970,8518,59.99,1115
85,827,256,784,9.99,383
63,133,57,122,19.99,70
64,13217,1428,8272,4.99,344
30,97,29,0,19.99,0
64,39,7,0,9.99,0
72,156,119,0,14.99,216
69,442724,48241,2912,0.0,9533
82,120,44,143,14.99,11
74,33332,5486,14029,59.99,437
74,1653,221,1297,1.99,215
62,155,83,175,4.99,0
69,305,281,428,29.99,980
61,1462,381,1480,7.99,2019
53,12557,2418,7865,9.99,163
72,4769,355,6231,9.99,32
63,27,8,0,9.99,0
76,143,12,143,7.99,0
80,1779,252,1530,4.99,85
62,106,48,0,9.99,159
83,9181,1092,7558,0.0,532
61,26961,4413,25672,2.49,269
79,281,250,486,24.99,9
74,504,47,251,1.99,126
66,651,383,946,19.99,212
78,8809,1541,8077,23.99,1065
77,124,11,0,9.99,181
74,9170,1053,8495,9.99,276
75,5847,875,5108,0.0,387
77,12551,4648,48680,0.0,0
67,21,5,0,9.99,0
61,326,495,327,6.99,250
54,228,74,139,14.99,506
69,3592,534,3513,59.99,723
63,102,37,108,0.59,21
73,781,345,857,19.99,2832
90,785,17,662,9.99,214
72,2704,1087,176,0.0,274
58,31,11,0,9.99,0
77,121,43,0,9.99,96
76,11562,13245,19888,0.0,1517
80,3487,416,2883,9.99,314
67,3560,663,3266,0.0,248
75,2476,283,2196,1.99,384
78,3891,689,3973,9.99,1126
55,206,129,0,14.99,255
69,417,187,221,14.99,299
75,32568,3323,30215,29.99,322
53,459,161,419,29.99,1356
83,7781,824,7304,19.99,680
81,2513,1543,1365,0.0,5759
89,247833,16593,180366,19.99,3019
79,201,22,0,12.99,27
61,1379,509,1742,9.99,154
66,485,95,484,6.99,91
78,38308,3980,36450,59.99,659
54,73,57,0,6.99,0
65,775,338,1018,19.99,520
84,1637,231,1308,19.99,786
82,9390,1635,9962,19.99,1287
96,26231,1546,21456,0.0,345
73,1501,320,1253,19.99,711
85,4681,205,4438,19.99,253
63,7553,3883,8368,19.99,1692
87,20536,926,16916,7.99,253
72,39485,10008,1759,0.0,2563
79,2,0,0,19.99,0
82,4993,212,3427,4.99,4203
59,443,110,284,9.99,165
59,185,134,302,9.99,35
82,16925,2891,17319,19.79,982
68,537,164,616,9.99,275
77,19201,1047,319,0.0,278
89,47123,2774,33725,7.49,2019
85,27797,653,23181,14.99,506
66,279,134,340,6.99,0
63,85,74,111,14.99,13
63,51,40,0,14.99,0
79,2360,744,1487,44.99,354
72,16495,3372,15018,19.99,1312
75,156,35,137,14.99,0
58,5,3,0,1.79,0
94,460812,51238,391693,59.99,5293
68,1394,450,1657,15.99,435
85,91,6,0,5.99,0
68,168,57,173,12.99,0
56,85,39,0,6.99,37
83,196,69,202,4.99,209
82,3682,1294,127,0.0,564
80,19408,4169,0,0.0,370
44,56,58,0,1.99,234
87,6402,227,5332,12.99,998
70,2564,177,1059,14.99,110
83,24127,1533,17535,24.99,681
76,2398,273,2454,11.99,1643
79,949,201,592,19.99,177
75,257,41,130,0.0,0
64,438,47,306,19.99,0
60,218,53,218,11.99,70
59,1275,125,1070,12.99,492
81,3891,605,3281,29.99,854
93,61280,2549,58334,29.99,1923
54,121,81,0,39.99,218
46,18,13,0,9.99,0
62,4635,480,3999,9.99,164
93,5857,401,3994,19.99,470
65,126,38,111,9.99,350
68,1,0,0,10.99,0
60,654,327,516,0.0,0
74,162,38,0,9.99,0
58,348,444,632,0.0,242
85,0,0,65637,29.99,314
66,148,38,152,14.99,34
63,58,24,0,3.99,90
74,2637,1327,2638,29.99,101
83,81265,6228,73633,19.99,793
73,260,116,275,19.99,171
83,420,73,434,14.99,0
75,126,33,0,14.99,137
80,20082,4557,0,0.0,907
75,1956,188,1533,9.99,155
81,4341,1058,3897,49.99,3253
70,987,288,361,0.0,1138
65,788,260,670,24.99,158
76,83,8,0,2.99,0
90,1835,39,1562,19.99,1938
66,959,261,831,4.28,306
73,847,511,1097,4.99,159
88,8447,998,8988,24.99,1175
81,39481,5314,35584,29.99,1379
79,6007,328,5910,14.99,779
49,10,9,0,0.99,308
67,273,213,253,9.99,299
81,12859,1623,13338,14.99,270
68,77,83,127,9.99,708
70,123,45,0,9.99,483
70,4258,228,3463,19.99,491
78,790,132,404,9.99,160
72,1476,566,1009,19.99,473
59,1242,461,1162,7.99,266
67,288,58,210,14.99,189
81,9119,807,7203,9.99,835
79,6188,306,4932,12.99,520
77,868,109,552,14.99,272
47,136,57,0,4.99,0
71,1207,133,1217,9.99,297
85,577656,51069,553709,3.99,1360
74,11280,2241,10070,4.79,567
61,6299,1197,6019,4.49,1821
86,1078,65,778,7.99,108
78,11623,1570,11422,14.99,591
61,144,32,147,11.99,125
43,1359,4157,2999,14.99,1276
72,7630,685,6231,9.99,302
74,437,13,423,10.99,282
58,177,162,301,5.99,271
72,774,534,692,9.99,170
79,3084,68,2782,16.99,252
57,800,620,989,4.99,60
58,3331,597,3049,14.99,137
80,1576,103,1203,9.99,102
76,3966,256,2911,19.99,257
83,175219,15155,138424,39.99,12245
68,5731,992,2459,14.99,192
90,5061,619,3929,4.99,725
89,112452,2428,97779,24.99,4791
59,22,18,0,6.99,0
72,1597,280,1644,7.99,162
79,302,38,299,4.99,0
70,54,61,0,19.99,305
80,10647,1794,11251,19.99,1051
81,2078,294,1847,14.99,328
78,128,23,141,4.99,17
72,32,2,0,14.99,0
56,650,231,828,6.99,1251
82,889,171,835,19.99,0
91,340,150,445,0.0,1187
68,2580,1752,2899,29.99,856
76,5779,340,4920,19.99,706
78,373,138,235,19.99,610
70,63,8,0,19.99,0
77,26591,1795,19583,9.99,978
74,17383,4383,20191,29.99,2987
75,1437,236,1185,14.99,474
51,6029,1681,4398,6.99,756
84,1836,106,1787,9.99,141
73,19874,1657,15661,19.99,4405
70,458,157,362,9.99,127
84,926,217,1030,1.39,521
66,174,10,108,3.99,0
86,77,4,0,14.99,0
75,354,37,279,9.99,863
70,506,66,169,9.99,62
68,478,115,479,5.99,217
72,1288,318,1475,24.99,1863
77,3767,340,3559,1.99,241
78,397,68,413,8.99,233
63,6858,1460,6234,9.99,1573
67,265,79,312,6.99,0
85,73,12,0,9.99,0
79,443,41,446,9.99,0
79,105,15,109,9.99,153
72,605,351,810,4.99,71
81,43328,7025,35244,24.99,1614
80,10590,568,9958,19.99,893
84,229418,53135,178849,19.99,6780
86,885,220,727,8.99,320
72,488,177,500,9.99,131
69,620,188,573,29.99,0
80,512,299,666,19.99,28
75,2350,306,2389,21.99,1574
93,11836,714,7981,19.99,1457
73,3137,913,3395,19.99,371
78,974,81,2267,14.99,1990
84,20617,891,18981,29.99,894
61,6,2,0,0.0,1203
68,79,12,0,9.99,0
51,105,26,124,9.99,1038
55,420,437,549,9.99,192
81,558,49,567,39.99,0
68,1455,652,332,0.0,207
67,1949,833,2215,5.19,85
69,703687,108223,655687,39.99,16623
66,484,155,394,4.99,187
88,6043,452,5534,4.99,135
58,1267,272,1215,6.99,210
80,3173,2732,3231,0.0,3351
69,300,210,290,39.99,155
80,12383,877,9279,19.99,1653
59,11041,1680,11376,19.99,1187
70,1087,817,1822,12.99,112
68,6208,417,5297,14.99,290
40,214,241,249,3.99,114
57,206,66,228,19.99,62
71,1041,72,1088,17.99,402
81,3355,764,3240,19.99,300
70,1071,277,1228,14.99,111
53,905,88,769,5.99,287
82,333,257,493,5.99,244
87,133389,2318,113468,34.99,10424
69,120,52,138,13.99,291
67,223,79,219,4.99,107
81,28497,4053,25161,19.99,235
75,364,34,191,34.99,482
81,13596,290,12286,9.99,268
47,1202,1304,1896,14.99,157
68,1039,152,556,19.99,118
78,6901,461,6699,19.99,441
53,395,190,340,9.99,11
77,76,30,0,14.99,0
72,2415,537,1982,9.99,160
73,1271,485,1130,19.99,215
56,50,15,0,3.99,131
87,191795,7238,181183,29.99,1927
84,99112,5684,94102,19.99,3547
61,1511,750,1489,14.99,233
70,248,9,206,19.99,0
69,1446,370,1192,1.99,244
77,64,13,0,6.99,0
60,141,62,158,24.99,117
62,615,184,102,4.99,195
76,0,0,0,9.99,0
68,150,21,106,2.99,241
57,350,156,376,7.99,293
43,271,303,442,4.99,123
69,838,252,964,4.99,1787
57,5233,586,4481,19.99,232
66,69,22,0,9.99,0
87,7199,177,6951,10.99,333
77,6643,1459,6279,7.49,1968
72,1012,280,1130,14.99,98
85,1590,462,1880,19.99,882
85,7504,2479,8562,39.99,2150
78,292,62,330,4.99,0
69,966,505,0,0.0,194
71,439,58,419,14.99,31
63,69,9,0,9.99,0
78,96,63,0,14.99,536
64,2414,471,2478,11.99,266
73,242,67,236,12.99,60
77,501,82,493,4.99,1200
81,2287,403,2065,14.99,590
63,177,48,109,14.99,0
59,63,39,0,0.0,0
69,430,131,178,9.99,536
69,2544,63,1861,0.0,99
65,2164,1252,2786,9.99,746
76,9027,664,7870,59.99,1747
77,6915,2680,6970,39.99,1110
73,677,179,739,9.99,360
75,10454,3525,206,0.0,747
74,624,42,520,14.99,153
80,850,87,770,10.99,295
86,10013,616,8602,9.99,455
86,1295,170,1107,19.99,113
83,7637,782,3700,14.99,242
49,762,3397,3239,9.99,381
60,35262,27492,57349,39.99,2810
73,58964,3780,53211,19.99,11293
83,2037,615,2409,0.0,618
77,2017,112,1671,24.99,140
79,77,3,0,17.99,0
81,4350,157,3766,9.99,680
94,19842,2148,17655,39.99,1876
77,18043,3757,17259,14.99,1473
66,180,79,132,19.99,1
60,102,89,112,11.99,0
71,202,51,208,4.99,255
71,240,44,235,6.99,72
48,49,127,116,14.99,32
90,8106,520,5803,14.99,250
56,2293,1083,2511,6.99,2396
56,14680,2317,16021,39.99,1971
84,690,174,721,9.99,425
74,20640,3905,22736,29.99,1012
77,5756,629,5930,12.99,114
96,142368,3687,110892,9.99,606
80,303,56,0,9.99,118
84,80256,3770,77838,19.99,829
61,494,284,497,9.99,163
74,58,30,0,0.0,345
79,120,12,126,6.99,5
79,537,249,767,9.99,332
59,1476,301,1207,9.99,188
66,2001,1337,2411,19.99,159
72,1070,156,663,6.99,173
84,560,48,562,39.99,716
68,0,0,26842,29.99,0
73,119,40,121,19.99,391
64,428,217,504,0.69,208
73,194,21,167,9.99,0
67,83,46,0,4.99,18
54,101,65,136,19.99,0
71,997,107,982,14.99,131
71,110,39,104,0.99,9
75,275,81,167,14.99,348
83,5064,469,3132,11.99,220
71,1841,516,1514,9.99,181
82,10937,81,9137,7.99,152
70,1090,263,1277,24.99,275
78,9151,1014,7592,19.99,357
60,45,16,0,12.99,0
90,19411,1647,18116,19.99,902
70,124,50,154,9.99,2
94,10055,428,9025,9.99,243
72,398,72,298,0.0,20
83,143,40,161,9.99,0
51,92,214,105,4.49,0
57,114,42,0,2.99,12
78,4150,2450,4177,59.99,229
77,800,139,874,29.99,166
76,953,407,1256,19.99,13
81,253,2,216,4.99,0
67,1912,223,1622,4.99,281
84,629,30,603,19.99,0
72,2254,144,2184,11.99,189
78,2,1,0,9.99,0
86,25545,18410,32739,59.99,2263
61,1435,908,1879,4.99,33
78,99,11,0,7.99,0
81,129,36,135,19.99,25
46,45,92,121,2.09,3
80,698,237,728,14.99,760
74,18484,1641,9501,59.99,622
79,11496,2260,12751,19.99,719
79,524,108,289,14.99,275
70,462,186,188,4.99,195
76,2836,451,2226,1.99,183
87,2484,460,2082,8.99,198
81,10377,332,7194,12.99,1331
89,107493,3175,72642,39.99,1077
58,330,49,361,3.99,0
70,428,228,280,9.99,127
61,269,207,309,4.99,538
70,403,107,298,1.99,173
61,29,115,109,0.0,0
86,43312,6020,30008,29.99,994
79,1679,102,1156,19.99,182
85,12712,2457,11890,39.99,2046
63,2960,841,2839,19.99,199
66,95,111,161,9.99,440
75,448,43,349,17.49,366
87,16713,4896,14829,59.99,781
84,69399,5837,48164,19.99,1067
66,546,101,477,7.49,313
70,702,254,314,19.99,627
58,38,75,0,0.0,45
69,1422,863,1525,39.99,309
78,819,124,380,9.99,246
75,21436,2324,18887,19.99,467
74,245,56,187,9.99,162
70,862,272,739,19.99,290
79,520,65,489,14.99,161
73,281,254,448,5.99,145
69,50,160,0,2.99,51
89,7212,156,6007,59.99,903
82,9785,601,8639,9.99,556
78,2393,253,2117,19.99,209
89,10727,662,9501,19.99,666
76,926,277,533,4.99,223
91,21567,916,29376,19.99,886
73,474,127,387,4.99,157
73,381,67,362,14.99,0
53,34,28,0,4.99,0
86,202,3,202,4.94,0
80,384,36,282,14.99,148
76,756,275,751,12.99,32
73,192,18,193,9.99,0
74,988,84,488,14.99,212
77,5743,1563,6375,19.99,1741
80,26,1,0,5.99,0
76,166,34,165,29.99,0
78,713,78,657,7.99,2697
76,5655,2794,4312,0.0,1074
85,4879,447,4562,49.99,1362
73,3177,592,3007,19.99,631
82,1503,391,1561,9.99,169
60,48,50,0,3.99,0
77,122,75,0,4.99,228
81,1039,199,919,9.99,152
82,19858,1371,12691,9.99,6782
77,12457,1200,7489,9.99,7751
91,1313,384,1390,5.99,149
75,2149,505,1951,9.99,181
85,4217,349,4289,29.99,1083
68,85,40,102,19.99,0
80,3702,1162,4315,8.99,279
76,2114,636,2333,7.99,356
82,81,12,0,4.99,2
32,188,63,223,4.99,0
78,1,1,0,9.99,2
40,341,90,268,0.99,341
55,18,26,0,0.0,0
82,9181,1349,9234,34.99,1831
64,287,130,0,0.0,46
75,563,129,618,4.99,64
75,549,141,609,24.99,0
34,2276,3332,3423,4.99,153
59,41,18,0,5.99,36
87,12401,326,11734,29.99,263
74,71,34,0,16.99,0
80,100300,21936,100639,19.99,6568
90,56620,1154,91622,9.99,0
81,942,169,1027,19.99,157
84,2307,224,2027,19.99,432
78,1776,192,1805,19.99,2090
75,205,20,0,14.99,1
80,1797,68,1746,19.99,387
78,1821,102,1494,9.99,127
78,3825,449,3996,24.99,94
79,503,142,472,14.99,124
67,68,65,120,4.99,14
82,1046,68,777,9.99,244
89,8,1,0,19.99,0
75,1144,59,1057,34.99,833
78,164,59,154,14.99,0
41,34,24,0,4.99,78
63,46056,6014,0,0.0,910
81,10135,2464,10474,14.99,537
85,10451,648,10037,19.99,394
72,173,66,166,9.99,0
59,166,124,0,9.99,27
68,428,101,464,19.99,321
80,431,102,365,12.99,209
81,67,1,0,19.99,0
79,3441,440,3087,9.99,485
74,9350,1268,8247,0.99,335
67,11207,3721,13168,49.99,1921
73,309,209,307,14.99,460
72,585,198,471,14.99,171
58,735,149,813,9.99,108
69,7240,3156,8227,14.99,530
68,327,189,368,19.99,282
83,7202,333,5776,9.99,400
76,97,28,123,9.99,93
71,2671,927,2884,29.99,782
63,59,19,0,19.99,10
79,54712,11675,45478,24.99,743
86,3453,68,3081,19.99,1055
59,732,615,706,4.99,69
78,597,9,539,4.99,73
66,143,43,168,19.99,246
73,2404,470,2406,24.99,326
77,298,3,232,14.99,0
78,140,2,126,19.99,0
87,71,12,0,9.99,213
58,102,28,0,7.99,1208
65,3921,1372,3501,14.99,808
66,6194,610,5661,19.99,980
79,1336,303,1135,4.99,214
65,16,19,0,9.99,0
59,2551,964,2694,4.99,291
71,270,29,240,19.99,0
87,37494,5799,28491,59.99,4462
81,1123,160,1150,5.99,2001
79,5384,1104,5735,49.99,512
78,5637,774,4833,29.99,1003
83,1188,66,1116,29.99,2823
79,520826,62574,375054,9.99,6177
70,15660,5510,15037,19.99,489
64,193,82,200,19.99,401
73,6670,1021,4859,6.74,337
78,1349,217,1370,29.99,84
88,198387,5135,122770,9.99,10524
76,187,91,166,4.99,78
76,4039,665,3921,29.99,769
86,17358,849,16920,24.99,283
81,6838,222,6456,2.99,205
74,1206,256,859,2.49,648
83,10776,2623,11659,11.99,219
76,5654,383,3999,1.49,368
89,619457,16204,457367,9.99,2166
76,3141,606,2343,4.99,129
68,202,67,189,12.99,0
77,200,93,195,9.99,202
85,1692,371,1851,8.99,797
69,619,48,422,3.59,104
72,11964,1829,12553,19.99,645
82,138,33,138,3.99,0
89,77418,4134,50589,29.99,2049
84,14200,944,12099,19.99,433
58,188,189,261,3.99,13
72,4894,609,5127,49.99,567
79,651,108,539,24.99,2383
77,3665,1692,4513,2.99,1008
67,136,13,134,19.99,32
79,6513,1001,6315,4.93,185
80,2729,560,2587,49.99,1268
74,5469,733,1798,14.99,258
84,4311,372,2296,9.99,341
86,2148,274,1974,9.99,112
78,10941,677,9471,24.99,849
51,609,103,498,8.99,84
55,160,114,179,9.99,268
73,3492,1108,2328,5.99,828
69,244,96,0,16.99,55
76,698,111,754,39.99,0
76,3891,476,3695,19.99,408
71,694,366,0,0.0,70
90,2479,151,2065,14.99,368
80,3681,506,3364,19.99,1148
85,64497,26725,60280,59.99,6223
88,5344,390,2925,14.99,253
80,1230,110,1153,9.99,561
56,39,8,0,14.99,0
78,2923,325,2731,14.99,281
82,1203,118,1135,0.0,49
88,39751,2734,22620,9.99,147
70,143,177,284,9.99,0
72,316,62,252,19.99,256
68,678,161,751,39.99,3034
78,16,3,0,5.99,0
63,142,65,128,0.0,0
52,71,34,0,9.99,0
75,349,144,463,4.99,48
79,159,36,115,0.0,0
66,5271,761,4988,14.99,297
50,18,28,0,9.99,0
67,196,35,178,4.99,23
20,67,392,363,14.99,293
80,1370,169,1582,1.99,0
58,3609,674,3121,39.99,609
75,1283,65,1267,8.99,0
84,103354,9996,98735,24.99,2307
79,147,74,189,9.99,0
60,540,285,458,19.99,158
48,3,0,0,19.99,0
45,188,233,317,4.99,37
68,63,154,155,0.54,3
84,1102,69,550,1.99,138
71,6748,1863,5934,19.99,716
78,737,118,625,39.99,7373
75,482,82,382,14.99,54
73,345,139,315,17.99,88
81,8053,1139,6607,29.99,595
54,284,201,185,14.99,149
65,467,126,458,0.0,127
77,429,242,578,29.99,502
69,166,54,170,14.99,0
76,665,93,458,14.99,129
59,28,65,0,9.99,250
87,1052,150,932,0.0,35
75,5621,3062,226,0.0,1179
33,3081,4104,5073,29.99,1288
75,145,54,0,4.99,240
64,1782,462,1644,18.99,219
69,882,205,948,24.99,0
69,264,29,235,0.0,0
63,617,456,0,9.99,117
78,1663,290,1520,2.49,317
76,73,24,0,14.99,199
81,38750,3491,31796,29.99,499
71,9577,1015,8361,19.99,335
75,1217,224,796,4.99,171
61,201,47,146,9.99,0
73,76,36,0,39.99,0
65,89,52,0,4.99,131
70,2021,151,2006,9.99,2348
80,74276,20426,57141,19.99,2634
68,125,24,112,4.99,6
60,133,65,124,2.99,188
80,992,76,999,9.99,27
81,230,13,169,19.99,0
71,7068,1470,7022,19.99,543
83,731,34,705,2.71,42
68,2101,333,1849,4.99,243
74,3866,751,3951,49.99,486
82,1313,55,984,19.99,409
68,551,316,582,14.99,213
74,2777,515,2934,9.99,624
90,265,11,216,4.99,0
67,1562,784,1736,14.99,295
81,755,128,497,7.49,667
72,2481,123,2080,14.99,362
68,148,62,168,7.99,0
77,263,149,244,29.99,0
76,9446,3096,7315,39.99,767
65,13442,1535,15159,9.99,1321
61,53,162,109,9.99,28
78,117388,16105,94380,39.99,7446
91,35161,4391,26616,39.99,6304
84,2088,204,1866,29.99,935
84,16882,733,13977,19.99,0
67,226,201,115,0.0,49
75,54375,2824,48881,29.99,4147
79,38,9,0,4.99,0
92,3359,233,3301,9.99,181
79,1259,242,1000,14.99,36
76,4199,335,4158,29.99,201
81,8511,331,5365,4.99,169
81,366,68,393,39.99,0
75,186,14,150,19.99,941
84,50047,4792,45170,11.24,1738
83,728,29,444,9.99,255
83,47643,846,43011,14.99,346
82,96,22,0,19.99,513
80,1501,343,1639,14.99,0
49,171,183,217,4.99,0
70,1512,583,1743,19.99,79
53,888,280,893,16.99,411
74,2207,537,2366,29.99,214
69,1058,159,1010,7.99,295
70,175,18,156,11.99,0
72,7698,2256,8445,29.99,1685
82,3715,673,3475,19.99,663
74,240,19,244,9.99,0
73,3065,491,2640,24.99,169
75,369,49,456,9.99,0
77,280,33,280,19.99,0
52,1520,1545,1636,2.99,605
76,2050,215,1835,19.99,459
79,78,7,0,2.99,0
79,416,283,511,9.99,185
90,4755,278,3572,14.99,103
86,48819,2533,40849,19.99,2017
73,10279,717,9378,11.99,489
85,36098,1777,34794,24.99,755
68,562,65,325,9.99,249
75,11820,2597,9993,19.99,735
67,1633,563,1296,12.99,539
74,443,95,386,19.99,161
75,1344,441,1675,29.99,121
80,682,51,627,19.99,887
43,235,259,306,1.04,104
68,372,219,499,29.99,137
67,430,160,545,9.99,90
93,71580,1112,62400,59.99,802
83,33464,3346,26385,14.99,367
66,211,30,174,29.99,45
57,901,372,1104,4.41,250
88,12999,896,12181,19.99,608
80,10614,1816,7989,9.99,718
78,2541,426,2612,9.99,569
80,7498,278,7414,9.99,100
61,630,800,1205,29.99,719
82,3804,306,3793,19.99,509
53,1495,557,1671,11.99,287
80,11031,1141,8983,14.99,718
49,68,93,127,6.99,9
62,74,50,108,4.99,465
68,15087,10789,9179,59.99,2134
84,614,305,882,19.99,202
67,828,254,940,13.39,0
63,104,80,124,4.99,31
53,187,179,303,29.99,1185
91,12493,1019,9293,9.99,350
65,142,69,133,19.99,161
80,84411,3243,60790,19.99,319
78,469,18,279,14.99,191
55,103,43,127,29.99,52
82,142,46,0,6.99,57
69,562,85,326,9.99,34
68,575,167,694,4.99,38
49,28,6,0,9.99,0
63,166,31,0,9.99,226
66,405,166,318,9.99,104
74,350,23,259,17.99,0
76,111,17,0,14.99,0
72,615,254,450,6.24,159
73,43769,14463,41753,9.99,8122
68,12486,1526,12107,14.99,192
78,217,20,204,5.99,0
74,143,44,155,9.99,0
71,1455,913,1999,39.99,198
78,3502,489,2826,12.0,227
78,325,66,289,4.99,1132
64,1415,1361,2493,19.99,2473
73,58282,5340,40171,19.99,1145
84,496,53,482,9.99,105
65,699,144,642,4.99,339
53,91,32,0,8.99,0
79,70117,12505,54205,39.99,4916
75,902,461,813,11.99,149
71,5942,1369,5627,59.99,547
73,8952,5603,12510,39.99,636
82,7156,377,6304,24.99,186
80,1712,416,1639,14.99,215
80,441,33,247,29.99,0
84,543,131,445,4.99,6
73,14,5,0,9.99,0
43,174,204,238,2.49,0
78,2344,410,916,3.24,140
63,316,149,226,0.99,209
83,577,32,488,14.99,189
80,9498,758,7904,9.99,219
70,2802,330,1839,9.99,461
83,20432,1898,17332,19.99,909
80,699,217,817,9.99,772
72,10911,598,9591,14.99,1140
67,2259,350,2027,29.99,884
78,1159,167,1082,24.99,1021
74,252,170,279,29.99,95
73,137,12,0,7.49,0
68,2154,269,1941,59.99,612
62,1763,668,1966,10.49,265
78,14379,1750,12772,29.99,3484
79,14920,2744,15453,0.0,983
79,3103,732,957,9.99,150
75,361,158,414,14.99,106
72,204,212,363,4.99,0
87,42173,755,38674,19.99,1217
65,394,504,627,4.99,6332
84,6955,374,6364,7.99,297
59,716,123,435,0.54,166
77,2975,135,2859,14.99,659
77,45704,2386,28167,0.0,1350
77,4819,223,4220,9.99,451
60,8814,673,8096,39.99,564
69,1599,1215,1962,9.99,279
64,61,65,115,9.99,1
76,1448,701,1383,9.99,151
69,107,20,0,9.99,0
73,3685,795,3377,14.99,202
79,43939,4257,37669,19.99,826
71,4808,1260,1577,4.99,224
82,247,61,0,6.99,117
83,909,117,987,19.99,2202
93,251841,32592,256117,29.99,5776
75,9015,1099,8577,19.99,355
54,1860,1149,954,9.99,291
75,19823,1825,16198,9.99,288
69,6998,1073,6362,19.99,372
76,26,0,0,14.99,0
82,104,1,0,19.99,0
62,319,105,204,0.99,144
65,307,371,556,9.99,180
70,157904,8930,127486,5.99,1332
81,4263,254,2757,2.24,543
69,52,47,0,9.99,73
74,132,38,0,7.99,0
87,6559,1404,4554,29.99,1419
76,916,219,461,14.99,222
76,1293,320,1413,29.99,201
59,20,21,0,4.99,301
81,4784,321,4317,4.99,159
82,1875,409,1918,24.99,277
74,1161,282,1093,6.99,204
65,1944,366,1973,1.99,169
62,851,178,468,5.99,365
77,76,9,0,12.99,0
69,414,103,314,12.99,457
77,2045,162,1732,14.99,161
76,233,190,281,0.0,0
82,229,64,240,14.99,0
68,1057,689,1195,0.99,160
58,107,37,0,14.99,239
69,102,15,111,6.99,0
72,46,2,0,11.99,0
78,479,62,502,3.99,90
82,273,150,162,9.99,290
71,15,2,0,13.99,0
73,45,16,0,14.99,0
75,599,328,594,9.99,213
85,30558,1192,25511,39.99,2264
78,572,134,606,24.99,207
58,28,4,0,11.99,0
71,175,35,181,0.99,270
87,2584,144,2446,24.99,133
74,35,8,0,11.99,9
70,111,14,0,14.99,31
80,375317,86643,407234,0.0,1806
88,51300,2237,47090,4.99,558
80,21569,1106,17465,19.99,1069
64,394,172,454,9.99,306
73,1421,90,1347,14.99,669
58,264,187,352,29.99,0
73,1037,269,1027,59.99,481
51,225,332,356,4.99,412
70,287,39,164,9.99,227
74,563,38,538,24.99,798
74,1685,704,2135,0.0,483
80,15202,355,13182,29.99,2193
81,2342,312,2437,19.99,514
67,957,174,761,14.99,238
63,93,101,178,12.99,0
86,27191,3674,21465,49.99,3559
51,154,131,172,29.99,0
80,884,149,929,6.99,844
78,238,17,191,17.99,0
84,1872,161,1615,59.99,2066
73,2318,478,2066,14.99,165
68,3609,731,625,0.0,75
63,885,1005,1490,19.99,654
76,12791,9161,15796,39.99,1051
68,177,71,223,24.99,230
53,41,110,129,9.99,185
79,6257,1758,1897,14.99,166
91,66292,1696,51274,9.99,757
43,222,163,178,34.99,0
84,3401,129,2118,19.99,193
70,6913,4595,2886,19.99,202
78,139,8,0,19.99,0
59,442,69,367,29.99,17
65,80,58,114,14.99,0
73,1785,836,1771,34.99,1961
70,551,228,662,19.99,0
70,773,224,635,19.99,5339
48,41,19,0,9.99,0
84,64585,2620,60052,14.99,1815
54,2916,245,2611,8.99,236
77,34,24,0,9.99,208
86,7138,829,6134,1.99,196
51,88,250,0,9.99,30
61,260,106,183,0.0,0
74,216,95,153,3.99,41
80,561,122,429,14.99,27
80,1871,107,1717,29.99,6630
65,236,66,204,19.99,454
74,292,37,289,15.99,483
69,4874,5694,8620,19.99,407
77,24344,13661,29071,59.99,1715
79,7327,1400,6072,5.99,435
67,44,3,0,11.99,0
90,22620,2332,27080,29.99,2618
63,157,64,182,9.99,179
39,3768,2215,0,0.0,22
82,2606,119,1455,19.99,201
61,1318,472,980,39.99,154
70,327,93,387,14.99,72
75,869,264,380,9.99,102
64,7645,960,6411,9.99,213
61,774,278,826,4.99,678
73,665,203,527,24.99,1022
63,611,286,299,4.59,77
57,393,169,366,7.99,20
59,156,53,156,4.99,8
86,38579,11004,30157,59.99,3043
71,9026,1682,9164,49.99,895
72,60436,3201,35858,19.99,2087
86,23547,3756,24611,19.99,2683
74,3456,460,3492,19.99,256
88,1097,239,1254,29.99,207
73,268,231,433,4.99,29
90,47619,4237,27080,29.99,0
54,174,130,181,9.99,33
84,129,13,137,9.99,0
79,1313,344,1145,19.99,119
83,51918,6493,53578,19.99,27478
87,12092,2073,11203,39.99,494
97,55250,3244,54491,39.99,979
77,468,173,430,2.99,185
67,207,38,147,8.99,257
67,92,38,0,9.99,0
73,83,17,0,14.99,58
80,14931,2000,15598,29.99,2743
74,616,90,510,2.99,128
78,1219,94,1079,24.99,285
69,58,32,0,19.99,0
70,322,89,363,9.99,414
74,84686,18296,82827,19.99,1104
74,201,22,206,9.99,0
59,109,96,178,19.99,0
70,27,4,0,6.99,0
70,251,158,322,9.99,155
72,5805,572,4352,19.99,945
68,269,53,224,14.99,821
73,334,65,298,19.99,103
70,1670,545,1505,2.99,326
81,7812,1429,6576,11.99,1596
77,54,19,0,4.99,0
75,1705,223,1206,3.99,169
83,5764420,766677,3441592,0.0,30484
58,753,238,680,9.99,554
84,0,0,0,19.99,0
65,12889,3726,12958,14.99,2349
57,1356,203,1192,9.99,118
55,116,47,0,4.99,17
54,124,98,172,9.99,88
66,42,27,0,2.99,2
70,474,144,287,19.99,148
89,40244,1610,34087,9.99,1098
71,80,29,105,11.99,339
57,34,4,0,1.99,0
83,964983,21044,783469,9.99,6729
69,303,115,352,19.99,0
91,42043,1580,29378,19.99,753
49,11,17,0,14.99,0
76,92,46,115,19.99,22
78,35174,6275,35243,39.99,1735
55,56,44,0,14.99,0
82,2803,321,2598,24.99,282
66,6642,2225,6933,14.99,384
68,34126,1657,34495,9.99,837
69,85,37,103,9.99,11
62,1744,496,2097,4.93,116
89,899,120,988,4.99,69
74,4689,854,2947,9.99,274
84,822,20,717,12.99,0
79,842,61,392,14.99,179
86,10690,1665,7310,0.0,25933
78,523,106,122,14.99,150
74,1315,799,1666,14.99,210
83,274,17,245,14.99,8
72,547,199,496,29.99,144
73,13188,1211,12837,9.99,265
60,120,4,106,9.99,1
75,3229,224,2556,19.99,400
81,5649,1097,1219,19.99,483
88,54974,1253,51338,19.99,1105
73,1381,345,1204,29.99,366
84,21929,2286,17924,59.99,2598
66,127,58,0,9.99,0
72,5439,2024,3902,19.99,161
80,1927,123,1721,19.99,70
72,168,28,175,19.99,0
79,159,13,158,19.99,17
85,2094,447,1050,24.99,188
67,197,133,220,24.99,61
73,1583,233,1684,0.0,753
84,2546,244,1478,19.99,722
63,250,29,238,4.99,0
86,27137,1935,27149,59.99,3373
65,406,317,0,9.99,147
89,14834,992,14198,19.99,1151
76,4207,1548,5401,24.99,238
71,734,132,551,14.99,32
77,10702,4361,48689,0.0,0
75,5244,786,5012,59.99,408
72,111,38,140,29.99,0
70,71,22,0,14.99,0
59,3535,2249,4371,19.99,277
70,11175,334,10091,14.99,710
69,609,161,442,19.99,114
75,511,24,507,9.99,142
71,112,63,134,39.99,0
76,33135,2724,22847,19.99,1577
76,909,61,747,18.99,15
55,235,128,316,6.99,733
83,71838,4995,63676,24.99,4066
91,45032,1925,32474,19.99,822
84,726,198,630,9.99,65
71,285,164,305,6.99,6
80,1046,782,1596,6.99,220
79,242,29,131,14.99,93
80,7524,816,7394,14.99,622
77,2727,347,2543,4.99,107
70,598,49,552,9.99,701
66,743,121,669,9.99,265
70,1786,253,1559,19.99,349
80,2555,309,2449,4.99,1036
72,139,162,275,9.99,860
41,73,34,0,3.99,42773
78,193,20,171,14.99,0
61,182,51,158,1.39,0
68,225,49,216,9.99,621
81,41552,2758,39214,7.99,573
81,1441,45,1265,11.99,336
69,4278,1097,2525,9.99,951
80,609,74,592,19.99,1
83,127,16,123,15.99,0
48,32,16,0,12.99,0
74,3463,486,3073,0.99,148
63,593,268,0,0.0,244
72,118,27,125,0.0,43
85,3143,171,2972,19.99,993
64,1076,1143,1793,14.99,154
67,54,29,0,1.39,21
54,456,31,396,9.99,44
62,50,18,0,7.99,0
85,9320,436,7714,19.99,461
89,310407,21119,214707,59.99,5041
66,134,48,119,11.99,12
73,958,123,673,9.99,85
67,75,24,0,19.99,509
74,8343,2278,6013,14.99,105
66,141,43,124,1.99,136
44,4162,1641,1838,19.99,168
56,9,4,0,29.99,0
87,36171,1351,32802,19.99,298
52,830,176,842,2.99,166
83,308,61,322,0.0,4023
70,1140,869,1851,29.99,422
76,18918,3468,13432,29.99,713
71,498,196,388,14.99,284
74,198312,19722,106434,39.99,3864
71,2099,546,863,19.99,178
66,34,22,0,24.99,79
62,2358,285,1868,12.99,301
78,45065,2771,41051,9.99,497
73,35027,2751,29340,7.49,3908
72,630,106,344,1.99,73
62,26,2,0,10.99,0
73,21824,6001,22010,8.99,4221
43,88,215,197,14.99,131
80,29225,535,27182,9.99,334
87,553,174,611,19.99,914
73,1773,602,1335,9.99,209
74,1084,312,1105,9.99,308
61,480,40,350,4.99,250
68,310,131,136,1.99,195
83,3166,354,2283,19.99,308
76,563,324,774,14.99,359
83,716,37,426,7.99,133
74,204,10,156,29.99,0
68,3851,2849,4669,9.99,1715
67,2232,598,2566,9.99,120
83,1484,28,1391,7.99,316
70,357,210,454,14.99,17
69,315,224,380,4.99,100
62,258,56,234,17.99,84
84,598,76,569,29.99,1024
76,80381,17141,71269,29.99,2822
68,260,217,316,29.99,153
71,328,140,408,9.99,0
71,8187,445,6385,9.99,2914
81,4545,1284,4697,40.49,1353
72,1095,305,951,24.99,430
71,10423,4705,13531,29.99,2627
68,3,4,0,1.99,0
68,93,84,0,0.0,11
73,128,78,143,9.99,8
58,249,101,314,59.99,1338
86,15457,570,14520,24.99,2729
65,177,48,184,9.99,379
79,228,44,192,4.99,255
57,1276,302,741,6.99,69
77,9385,1282,6721,12.99,1737
81,30472,4748,27091,59.99,1719
73,530,140,439,9.99,201
79,5692,885,4716,19.99,515
71,726,116,769,19.99,0
75,779,70,772,19.99,146
82,3662,340,2932,9.99,217
74,1974,1056,2419,9.99,154
91,29320,7771,28764,19.99,1031
70,6735,369,4849,9.99,456
83,335,78,378,9.99,64
76,1407,223,1329,39.99,1456
61,23,6,0,7.49,0
56,42,25,0,9.99,18
88,186295,36439,158652,59.99,4911
81,593,115,611,4.99,105
74,78,70,121,19.99,617
68,54,50,0,4.99,75
67,778,103,745,4.99,188
71,1508,127,652,14.99,144
79,3710,582,2856,19.99,734
73,38969,23378,76659,59.99,0
71,621,50,567,2.99,138
65,101,24,114,19.99,22
78,2199,89,2095,4.99,83
84,504,31,475,19.99,0
70,4483,2752,1862,0.0,276
77,33548,5903,35168,29.99,2694
85,117,6,112,9.99,0
65,664,226,671,4.99,161
64,695,410,966,14.99,165
71,1504,268,1415,19.99,468
79,431,45,428,2.99,62
75,1203,150,1041,19.99,237
88,76742,8429,76837,19.99,1479
96,73346,2619,60686,9.99,459
70,1735,678,2224,19.99,285
78,32094,4188,21885,29.99,597
53,389,205,282,9.99,192
73,338,47,378,5.99,208
80,1681,581,1453,24.99,372
68,1273,288,620,4.99,244
81,468,78,259,11.99,277
86,25603,3771,21219,19.99,942
70,1878,143,1340,19.99,1566
89,15271,583,11797,11.99,2006
71,3045,1478,3885,19.99,329
62,8389,810,8295,7.99,181
77,1919,143,326,0.0,125
78,10755,1035,10469,19.99,1477
78,4440,247,3794,14.99,241
75,7484,1484,7532,29.99,498
83,16783,1117,11746,14.99,755
71,167,139,248,7.99,17
77,2937,159,2227,12.99,168
78,4556,1297,4047,19.99,411
69,108,37,134,19.99,0
83,46628,2181,38073,29.99,584
71,495,66,435,19.99,0
57,45,122,0,0.0,2
72,14779,3651,205,0.0,3255
72,165,37,0,0.0,1
75,12450,4012,160,0.0,367
70,586,135,146,6.99,119
78,221,15,142,14.99,0
78,12401,569,11177,9.99,272
86,31945,2927,24353,19.99,5848
70,1706,612,1881,19.99,276
86,11740,708,10747,19.99,1754
79,1407,242,0,0.0,1415
63,278,87,250,19.99,929
72,14,1,0,12.99,1
68,8353,727,7100,6.99,84
46,43,20,0,2.99,32
80,2035,210,1931,12.49,751
77,10636,4336,48689,0.0,0
54,17,5,0,9.99,0
82,1852,246,1985,9.99,179
82,184,74,121,12.99,53
68,0,0,130,4.99,0
74,2419,634,1841,4.99,119
83,293,198,160,5.99,18
34,37,87,0,9.99,0
81,98,23,114,6.99,326
61,318,146,409,4.99,0
76,268,71,310,19.99,400
47,3247,1054,3817,19.99,145
76,44945,3371,24174,5.99,283
65,1,0,0,4.99,0
71,1561,695,1212,9.99,46
74,600,153,671,17.99,148
86,33460,1538,25609,14.99,333
71,225,106,224,19.99,113
87,232778,6892,212301,14.99,1795
69,1321,160,1346,14.99,1611
72,1573,377,1810,19.99,600
72,36503,5570,30836,15.99,2345
71,10256,965,9278,4.99,175
86,1397,231,1065,24.99,121
46,325,374,581,19.99,220
66,151,56,0,13.99,6
86,44225,3285,24353,19.99,776
81,11119,454,9525,9.99,542
74,5168,1670,6082,24.99,994
69,42,29,0,2.99,29
75,14189,1178,12641,19.99,2249
64,222,86,186,6.99,0
82,4447,547,4469,29.99,664
70,700,393,961,29.99,1348
77,648,241,767,29.99,746
75,502,63,456,9.99,492
86,115504,6465,101602,29.99,1153
74,28,2,0,14.99,0
77,12888,4776,48690,0.0,0
65,230,92,258,12.99,203
86,3245,124,2535,9.99,4926
54,14,12,0,3.99,0
51,135,60,0,9.99,0
85,9013,1090,5396,19.99,1483
69,32,14,0,7.99,0
68,207,28,187,7.99,543
75,19,3,0,19.99,0
68,2353,202,1679,13.99,599
73,177,32,129,19.99,429
80,1349,415,1602,12.49,881
71,504,164,183,9.99,111
71,482,114,439,9.99,407
72,716,33,689,19.99,412
74,4427,543,4081,14.99,280
59,117,55,130,14.99,0
55,94,149,158,9.99,236
73,1843,291,1839,19.99,0
57,2907,338,2321,11.99,33
78,1001,96,912,3.74,704
92,1138,357,845,19.99,114
81,3672,280,3011,29.99,180
60,849,177,809,9.99,1048
77,691,175,319,2.24,215
74,1485,374,1083,14.99,176
80,1145,136,1051,4.99,231
82,4879,225,3499,9.99,95
72,3056,608,3005,19.99,180
39,60,156,188,29.99,0
66,187,63,187,7.99,302
76,1187,61,1029,4.99,242
73,170,8,157,19.99,356
91,3842,216,3709,19.99,214
87,3134,1362,4162,59.99,1579
70,545,47,511,13.39,1
68,56,3,0,3.99,0
61,213,302,383,19.99,343
80,3331,581,2755,29.99,165
70,2774,1208,2930,5.24,365
75,135,85,180,12.99,293
77,12612,4661,48690,0.0,0
75,112,34,125,9.99,0
75,15764,904,11323,29.99,569
84,560,104,555,29.99,149
77,12741,4710,48690,0.0,0
66,2237,441,844,0.0,70
70,242,98,262,19.99,0
56,33,51,0,9.99,181
84,593,85,643,9.99,306
76,315,87,342,9.99,348
67,58,19,0,9.99,0
71,546,102,442,19.99,0
82,189,10,154,14.99,0
84,30933,1310,27898,29.99,316
72,1183,334,583,14.99,146
69,85,34,0,9.99,0
82,4252,549,2821,1.94,2420
42,184,207,340,9.99,0
86,215,4,202,4.94,0
54,16,11,0,3.99,252
70,4757,545,4700,19.99,420
81,2626,234,2005,19.99,624
79,470,101,130,7.99,215
76,100,21,0,9.99,0
84,19528,894,13978,19.99,347
54,299,327,142,19.99,18
59,294,166,210,14.99,313
70,2291,129,2122,24.99,507
80,2334,363,2583,10.99,3022
45,86,74,111,2.24,52
78,7812,1342,6612,24.99,424
74,651,167,602,19.99,347
70,2348,502,2624,24.99,801
81,42568,4282,33687,19.99,917
67,539,103,472,19.99,187
81,2415,318,2383,5.99,278
73,204,72,178,9.99,183
85,1430,159,1226,9.99,159
56,3761,2306,4701,39.99,520
80,2531,144,2408,7.99,327
75,61,8,0,7.99,0
62,163,35,166,5.99,0
65,166,48,184,9.99,151
82,313,113,392,9.99,35
70,402,309,423,19.99,497
77,712,126,766,9.99,246
86,6398,375,5287,4.49,334
58,802,257,182,9.99,389
80,4298,1321,5323,39.99,769
60,4359,1247,4525,12.99,125
84,814,66,835,19.99,127
73,376,65,311,9.99,997
80,508,158,346,19.99,405
82,61972,5945,29095,0.0,954
75,908,320,1146,14.99,149
83,8635,490,7304,19.99,378
66,1571,546,1218,3.99,263
61,13764,3508,13738,39.99,3791
61,53814,14370,57363,14.99,1646
82,468,51,431,16.99,89
70,1358,436,1412,24.99,191
72,962,157,712,7.99,202
64,510,452,773,9.99,70
65,65,5,0,9.99,0
80,4221,212,3980,39.99,3448
83,56684,5947,50820,29.99,1481
74,11586,1112,10613,14.99,654
76,2697,671,2565,29.99,405
63,83,167,164,9.99,173
60,88,20,0,19.99,0
80,3590,196,2829,19.99,171
65,60,15,0,6.99,0
54,70,7,0,3.14,0
79,7818,2058,8433,29.99,820
86,2931,187,2861,19.99,361
74,215,349,469,9.99,31
70,52,4,0,0.0,0
71,4513,243,4299,29.99,856
72,48,3,0,19.99,0
77,735,45,512,14.99,187
81,1596,185,1473,9.99,1942
70,1538,569,1493,19.99,343
80,49,14,0,9.99,0
73,4721,899,4802,29.99,3663
53,160,127,243,14.99,4
84,3032,461,2721,9.99,343
80,9041,2221,6249,7.49,588
88,39132,3223,37201,14.99,241
82,578,62,604,8.88,1367
64,415,197,382,9.99,192
72,3438,715,2835,19.99,434
76,4667,1018,5024,14.99,535
46,7517,658,133,0.0,6013
55,442,471,512,1.99,381
59,88,74,112,9.99,0
79,375,50,357,4.99,40
90,145186,5216,121577,30.0,5383
56,321,1065,393,0.0,156
82,1234,66,854,14.99,716
75,733,128,769,14.99,193
68,750,263,722,9.99,129
76,5511,727,5028,39.99,244
58,72,41,111,29.99,0
78,561,72,523,9.99,0
80,381,49,301,15.99,306
59,2013,1524,3112,24.99,403
68,1992,499,2347,19.99,129
77,538,257,681,6.99,93
78,2737,541,2725,14.99,202
86,2038,257,1623,12.99,680
64,3013,506,518,14.99,97
80,4157,680,0,0.0,420
53,268,183,291,19.99,0
75,1647,403,1258,19.99,192
68,219,73,223,14.99,0
75,96342,13718,72628,29.99,4562
80,244,17,220,7.99,60
65,98,27,105,19.99,0
68,6375,415,4905,9.99,323
81,4453,310,3412,10.99,248
70,3464,191,3235,19.99,992
71,554,116,609,19.99,0
62,53579,5950,45027,9.99,440
86,12756,2673,24615,19.99,0
76,377,18,185,9.99,224
75,475,89,521,4.99,3
72,1330,61,1211,9.99,162
71,331,72,309,9.99,229
48,335,159,350,19.99,117
41,28,51,0,6.99,0
88,0,0,7873,54.99,172
72,901,534,1243,24.99,298
83,2227,137,2185,19.99,324
62,123,59,0,5.99,169
65,325,115,338,2.99,43
68,222,43,255,0.99,0
58,1498,1371,965,0.0,401
83,112,127,103,9.99,294
71,17,12,0,3.99,0
83,6779,251,5406,9.99,373
60,237,19,216,1.74,239
93,617738,25020,591701,39.99,3696
80,14020,1170,11546,7.49,1707
56,168,105,245,0.99,0
71,4912,1242,4821,39.99,784
84,2109,488,2269,14.99,226
70,3354,865,3720,2.99,212
71,3365,702,3121,2.24,205
73,7639,2676,8861,9.99,366
77,11059,4481,48690,0.0,0
58,53,37,0,19.99,44
68,1860,390,1661,18.99,96
83,2246,223,413,4.99,131
79,2096,334,1281,9.99,499
86,6350,449,5426,19.99,3282
87,17737,1137,15927,19.99,440
69,2340,138,2192,24.99,370
76,48,90,0,4.99,28
68,288,215,437,9.99,110
63,44,90,122,9.99,0
80,1502,122,1385,9.99,75
80,398,112,271,9.99,101
73,447,103,492,16.99,463
55,179,122,147,14.99,399
57,241,91,287,19.99,89
71,900,369,1176,39.99,604
63,148,67,159,4.99,1485
87,2365,418,2121,24.99,939
80,1359,132,1314,44.99,686
82,2227,514,2416,29.99,2093
70,1084,159,502,12.99,120
90,84223,24474,91180,5.99,1471
72,500,55,493,14.99,459
81,45136,3467,34885,39.99,684
66,329,129,310,19.99,70
82,1173,67,1021,19.99,326
75,440,112,433,9.99,1009
72,611,270,783,9.99,386
68,14412,1483,11433,14.99,637
41,187,224,218,9.99,42
58,446,152,103,0.0,24
74,243,96,140,9.99,23
59,195,100,0,9.99,144
67,187,213,275,0.54,1278
76,109,46,127,5.99,0
91,22463,1905,20606,19.99,944
72,1112,291,1255,24.99,61
75,1205,292,441,0.0,70
78,821,112,263,9.99,47
82,1446,168,1042,9.99,199
68,0,0,0,0.0,0
71,803,168,749,4.99,96
75,4579,423,3452,7.99,229
69,159,40,0,4.99,17
84,23944,5778,22411,49.99,2847
70,3657,2384,1862,0.0,0
74,5548,298,3454,14.99,190
75,96,45,109,29.99,6
76,13788,1689,11276,19.99,511
62,501,168,580,9.99,82
68,842,264,575,12.99,117
73,6169,1220,4121,14.99,290
83,10363,1229,7559,0.0,469
66,747,249,526,4.99,157
80,3998,310,1830,4.99,126
81,6458,774,5199,9.99,197
43,10229,2532,10955,5.99,181
60,113,78,167,7.99,140
61,520,223,520,9.99,208
90,36853,2096,32237,14.99,151
79,4636,295,3325,4.99,609
73,401,101,325,19.99,249
76,1162,299,136,19.99,91
85,234,17,226,9.99,0
52,12134,4110,11762,9.99,365
84,1783,324,3021,19.99,57
84,309,68,304,4.99,78
75,5843,279,5437,12.99,242
82,14831,752,11676,19.99,260
72,1736,557,1613,12.49,752
83,135,33,155,9.99,436
77,11491,921,11099,14.99,259
76,271,10,218,24.99,0
78,0,0,0,2.03,0
43,96,60,113,4.99,1
73,214,60,190,9.99,64
75,4875,191,4472,2.99,609
94,1473,145,1991,19.99,34
79,84,3,0,9.99,0
77,17346,1318,14497,19.99,358
54,200,92,233,0.0,64
71,5544,890,5465,59.99,3695
71,2235,758,2811,24.99,216
69,2498,357,2385,7.49,1257
89,16479,321,15507,12.99,293
72,24009,843,22825,6.99,379
59,607,286,588,29.99,434
76,354,169,441,10.99,0
69,929,106,904,4.99,182
81,495,60,473,5.99,84
72,9111,2260,9473,24.99,340
82,108,5,0,19.99,0
75,337,45,0,14.99,139
68,603,269,555,4.99,107
77,0,0,329,6.99,0
65,1461,829,2164,19.99,73
83,5992,2130,6658,24.99,280
80,548,106,564,49.99,221
80,1971,68,1037,19.99,233
62,1164,419,1174,9.99,247
84,6,11,0,0.0,1
72,30,7,0,9.99,0
77,4160,1233,4393,9.99,351
76,178,31,185,9.99,372
69,587,199,613,4.99,138
82,2268,127,2175,19.99,314
58,58,22,0,9.99,5
48,19,39,0,29.99,0
55,840,587,891,9.99,116
76,1237,450,1448,4.99,99
71,334,127,402,9.99,93
67,1119,93,429,9.99,256
59,1841,623,1932,4.99,260
66,239,208,279,9.99,180
84,3143,207,2803,19.99,407
68,186,28,187,17.99,0
84,269,71,325,19.99,23
67,80,68,133,9.99,0
66,2191,581,1745,19.99,570
61,64,22,0,3.99,235
86,493188,62447,414691,0.0,15653
74,483,143,587,24.99,105
55,3895,2953,4271,7.99,706
84,31106,2031,20237,14.99,917
81,1085,178,711,14.99,43
88,611,29,572,14.99,0
85,138093,4679,114699,29.99,2633
80,6070,495,5527,6.79,1419
82,13305,975,8949,39.99,576
60,295,166,119,9.99,227
82,864,132,548,8.99,192
56,1694,749,1836,9.99,41
81,4359,900,1359,0.0,190
82,57184,8816,48517,49.99,2809
75,0,0,0,0.0,0
78,1,1,0,9.99,8
67,1884,240,2033,9.99,0
83,2962,201,2872,29.99,296
62,3764,513,3200,14.99,283
76,438,185,523,1.69,358
75,818,152,865,7.99,165
68,96,10,0,19.99,0
81,2624,614,2228,24.99,164
76,2154,351,2267,24.99,198
65,148,62,162,19.99,316
81,5864,858,5558,34.99,450
64,3140,304,2974,0.61,124
70,102,116,171,5.39,0
66,85,84,121,19.99,0
92,5978,352,5062,9.99,269
67,222,86,218,4.99,21
67,68,37,0,5.99,8
82,13092,6065,15498,39.99,1132
72,423,235,416,2.39,116
72,70,100,108,9.99,24
83,4291,1481,4394,9.99,850
63,624,383,563,9.99,220
82,312,109,295,19.99,116
72,797,265,896,14.99,580
65,301,138,304,6.99,412
78,1018,54,879,19.99,0
71,301,116,284,9.99,509
87,4196,1939,156,0.0,469
76,1707,150,1444,19.99,800
81,26376,2970,22029,29.99,1558
73,928,232,951,19.99,333
62,50,53,0,5.99,1
78,2678,453,2932,19.99,712
66,67,19,0,14.99,0
53,129,78,0,4.99,147
70,57,71,112,3.99,217
73,34544,3737,33399,19.99,1483
77,1193,987,356,0.0,325
68,2531,160,1878,14.99,214
46,13,19,0,9.99,0
82,336,31,261,14.99,131
53,0,0,2845,14.99,0
71,294,279,412,5.99,45
61,1610,91,1426,4.99,2815
76,793,39,751,29.99,1052
73,69,30,0,9.99,31
80,1652,288,1669,19.99,562
86,66334,7013,54056,14.99,1161
81,112,2,0,11.03,0
71,405,87,465,9.99,41
80,2926,176,2636,12.99,309
81,82439,19109,83916,29.99,3230
58,3028,2607,4819,0.0,228
86,906,384,785,29.99,0
74,319,75,354,2.99,11
69,65,5,0,5.99,0
81,75367,4285,31502,19.99,185
71,654,122,458,14.99,212
73,22289,1785,13854,29.99,349
79,1433,153,1494,9.99,462
77,77,11,0,14.99,0
69,42476,6709,43494,11.24,1040
61,427,27,310,19.99,142
77,954,97,873,19.99,124
80,137,14,141,6.99,0
77,12888,4777,48690,0.0,0
66,41,33,0,9.99,0
70,76,30,0,29.99,57
59,12690,2184,9886,19.99,293
96,1171197,210154,1247051,0.0,13650
77,73,13,0,19.99,0
78,381,90,397,19.99,0
76,1360,451,1556,39.99,2067
54,427,113,454,0.99,27
83,328702,13277,226460,14.99,2399
66,137,149,0,9.99,210
62,674,88,445,12.99,30
80,874,63,849,19.99,149
89,5672,1217,6339,9.99,189
79,491,33,345,14.99,37
61,46,8,0,9.99,0
71,69,6,0,6.99,0
65,922,68,897,14.99,467
84,73661,6864,66659,29.99,1131
72,6204,2053,5742,14.99,766
82,6700,715,5956,0.0,465
73,12328,10908,11429,59.99,1844
78,28196,2807,25201,19.99,977
76,11989,522,10972,7.99,377
68,268,174,380,9.99,24
86,9545,1236,9143,34.99,684
69,54,49,0,4.99,0
68,192,53,127,19.99,242
89,106495,3213,94538,24.99,2093
88,11370,1315,9585,0.0,330
85,3020,496,2563,14.99,236
81,2388,154,1920,19.99,231
72,6062,356,4360,14.99,206
75,9542,3897,10416,29.99,446
72,72,34,0,14.99,32
81,37048,3957,29302,24.99,690
73,260,110,257,6.99,148
68,169,51,176,4.99,0
75,9768,1350,7698,3.99,360
79,2301,362,2232,9.99,258
79,29,2,0,9.99,0
77,12256,440,9183,9.99,612
55,37,22,0,4.99,12
78,448,17,419,19.99,340
86,12599,2043,9826,49.99,799
73,483,26,479,14.99,0
68,59039,4160,56687,12.49,1313
86,12758,2674,24620,19.99,0
75,2526,165,2180,14.99,621
66,137,28,126,11.99,161
81,42,12,0,14.99,0
76,1134,211,689,24.99,221
66,466,242,573,4.99,182
51,778,765,990,4.99,138
73,2336,625,2331,19.99,211
66,4107,571,3147,2.54,243
50,45,15,0,12.99,0
76,52,10,0,14.99,0
37,497,552,772,3.99,182
55,810,117,830,7.99,91
82,18291,563,17235,19.99,824
76,1915,331,1562,9.99,621
74,252,58,262,12.99,0
86,3523,107,2681,14.99,163
67,548,126,544,19.99,25
74,72,4,0,9.99,0
66,104,10,0,14.99,0
73,4953,1338,5286,39.99,6292
69,857,353,883,9.99,91
82,1203,158,633,9.99,99
57,88,449,354,9.99,41
77,13045,4827,48690,0.0,0
77,773,171,755,9.99,239
91,13806,3644,14263,9.99,702
79,480,236,274,24.99,144
66,77,38,0,6.99,98
70,30759,5104,27343,19.99,756
77,19796,1962,14678,13.59,5671
63,383,112,346,9.99,100
73,1699,268,1621,4.99,380
70,3652,776,3332,39.99,570
79,1689,143,626,0.0,257
71,872,230,864,19.99,237
70,2081,277,1283,4.99,117
54,143,151,135,14.99,71
71,10322,1846,11141,24.99,488
78,373,78,335,16.99,296
74,1886,164,1652,6.99,137
80,20269,1665,13333,39.99,850
61,31,5,0,7.99,0
81,287,26,287,14.99,0
87,607,30,432,23.99,212
80,5826,770,5206,19.99,314
72,6525,2938,5587,19.99,118
68,6890,591,4825,12.99,1028
76,34,27,0,19.99,0
77,5324,1400,4254,34.99,379
66,47,7,0,14.99,0
74,3799,476,3643,9.99,1012
48,158,84,215,11.99,0
77,703,66,691,29.99,236
76,6072,1684,6039,19.99,2258
73,223,28,0,14.99,6
72,19274,3597,19581,5.24,366
70,1344,206,1418,24.99,0
75,29,4,0,14.99,7
83,655,48,651,11.99,0
49,144,112,146,4.99,12
64,465,78,370,0.99,164
72,902,223,858,19.99,457
75,1205,371,1398,39.99,148
59,255,88,146,8.99,207
63,815,129,450,4.99,117
54,388,103,320,2.99,155
74,411,134,461,4.99,65
56,105,3,0,7.49,0
64,11695,2262,12562,8.99,368
71,8468,1700,8742,29.99,4773
77,1804,92,906,14.99,438
75,3774,2364,3509,19.99,370
74,216,140,305,19.99,182
64,953,996,1294,39.99,441
72,45,29,0,5.99,0
57,52,6,0,4.99,0
69,97,35,0,5.99,1
80,455,87,400,24.99,0
80,6174,974,4862,0.0,525
82,1022,61,943,4.99,101
73,5044,1606,2317,2.24,159
72,1354,1021,1119,19.99,251
77,52,10,0,7.49,0
70,7508,1399,8398,14.99,7582
81,282,30,270,14.99,1086
74,26913,7804,310,0.0,2794
86,6815,1674,0,0.0,750
83,25802,2407,21071,34.99,1234
78,340,72,337,4.99,204
69,255,56,126,19.99,190
62,809,1587,1875,29.99,1035
73,527,74,544,9.99,7
64,140,171,171,4.99,211
83,10892,2950,8528,14.99,1068
81,3759,263,3224,19.99,746
77,467,81,522,29.99,140
78,17,2,0,2.99,0
86,3614,204,3613,29.99,1819
85,6250,469,5803,19.99,1479
68,14189,8983,15965,0.0,1048
78,1933,279,1791,9.99,162
57,37,33,0,7.99,11
41,231,729,866,24.99,96
88,67933,13088,57651,8.99,3059
79,3430,547,3456,7.99,477
73,2046,779,2264,7.99,123
75,917,114,567,6.99,197
76,949,89,926,9.99,369
82,1029,100,1014,19.99,29
66,307,138,393,4.99,13
81,302,121,284,1.99,21
73,2634,279,2595,9.99,154
70,2255,289,2268,14.99,145
64,58,7,0,0.0,0
78,4656,342,3716,1.99,552
87,1629,64,1544,14.99,354
73,86,5,0,15.99,131
81,6997,1399,6647,18.99,646
66,58,22,0,4.99,0
62,116,24,110,14.99,32
71,135,58,0,9.99,108
59,544,424,857,8.99,69
85,600,34,545,24.99,0
36,124,178,144,16.99,0
61,114,73,171,9.99,0
83,1625,446,0,0.0,1028
73,65,52,0,14.99,0
72,1270,580,1556,9.99,380
76,777,86,782,3.99,64
78,404,212,558,9.99,439
83,81293,20315,1358,0.0,5766
79,14794,1407,13336,15.99,621
86,1107,36,1045,19.99,258
88,1031,662,1125,4.99,25
77,33143,2447,31556,16.99,625
73,2419,1233,999,19.99,150
65,376,121,398,9.99,236
70,229,133,295,0.0,16
72,278,41,262,9.99,0
83,2521,377,2679,9.99,559
54,66,37,0,19.99,0
81,7254,351,6308,1.79,683
62,781,206,735,9.99,295
74,2826,547,2693,29.99,1226
56,2929,609,2975,9.99,823
78,31124,2664,29841,4.99,304
78,140048,3220,111835,19.99,6334
94,35336,1642,29678,14.99,1522
69,104,4,0,11.99,11
85,1306,76,822,14.99,146
73,163,9,157,19.99,15
80,790,239,967,9.99,135
79,548047,15109,430887,19.99,6446
78,185,21,163,15.99,0
54,82,27,0,9.99,0
73,29,4,0,14.99,0
78,10669,964,7511,14.99,590
51,780,332,987,19.99,565
68,634,356,822,7.99,205
64,119,23,125,9.99,715
78,764,351,581,9.99,72
67,3474,2218,5340,29.99,972
74,1739,805,1500,19.99,292
58,70,10,0,4.99,0
77,11036,4467,48690,0.0,0
61,112,35,142,7.99,0
86,167454,16653,1075,0.0,8194
89,475785,8983,408579,14.99,3753
93,51719,1621,37609,49.99,1855
68,830,575,910,39.99,3303
87,81362,2372,75825,4.99,1253
84,78,1,0,14.99,0
61,69,28,0,14.99,41
86,7417,385,5505,12.99,370
75,2886,445,2406,24.99,306
85,27906,1560,15835,19.99,290
73,38921,23371,76744,59.99,0
76,9907,710,5679,4.99,231
72,272,166,152,9.99,206
88,46417,2229,41526,0.0,467
44,272,354,107,3.99,175
74,274,31,262,19.99,591
80,161,77,201,9.99,7
78,185,59,205,19.99,40
68,464,415,554,19.99,37
80,55,19,0,9.99,25
77,1626,509,1363,29.99,355
76,425,41,382,9.99,889
74,169,76,220,7.99,19
89,13795,965,9300,9.99,331
74,409,33,286,9.99,203
62,793,58,771,19.99,103
55,69,13,0,7.99,0
91,13950,1007,13529,19.99,1216
69,223,264,247,5.99,23
78,2747,555,1742,14.99,293
81,1781,363,1887,1.99,156
75,376,132,439,19.99,397
68,1689,340,1671,19.99,439
68,5139,281,4326,14.99,1813
81,399,25,391,9.99,0
88,139391,13658,137096,39.99,1696
80,217,12,170,9.99,0
72,617,231,678,0.0,283
63,5215,741,3279,4.99,306
62,138,26,104,14.99,786
80,1781,221,1582,1.99,267
73,2818,229,1470,4.99,43
69,1769,396,1728,14.99,651
83,47708,1458,39760,14.99,609
73,195,35,110,14.99,155
82,27409,3011,20285,24.99,319
80,12466,709,11703,14.99,340
84,38951,7905,29640,19.99,1352
68,272,64,230,9.99,1098
84,13755,3336,10978,59.99,1640
68,216,27,158,19.99,0
71,384,42,386,4.99,9
55,373,86,381,4.99,411
75,1226,192,961,9.99,117
83,681,67,388,9.99,310
68,237,43,227,10.99,106
69,82,50,0,0.53,0
76,912,148,982,39.99,137
80,801,96,636,14.99,108
68,709,232,683,9.99,323
76,5029,2169,0,0.0,954
69,1718,1064,2258,29.99,949
43,52,11,0,11.99,36
82,467,93,399,14.99,104
78,572,178,364,6.99,308
77,11857,460,10897,9.99,560
67,60,59,101,9.99,0
85,9730,2807,11477,9.99,428
62,84,95,0,4.99,14
92,3380,102,2974,9.99,181
79,5791,384,1815,9.99,156
91,1372,418,126,2.49,495
77,380,76,230,14.99,136
64,1108,406,770,4.59,90
55,610,359,327,9.99,188
74,2655,250,2026,9.99,744
79,1511,161,1120,19.99,229
75,9510,668,6491,19.99,305
84,11465,299,11068,14.99,301
80,122,22,127,11.69,0
84,656,108,629,39.99,252
90,1323,223,0,0.0,36
66,59,42,0,22.49,0
80,1894,782,2149,54.99,1819
83,726,68,926,29.99,85
71,235,60,282,34.99,0
79,45,13,0,19.99,60
97,3588,102,3906,59.99,381
88,195,18,208,19.99,0
76,117,93,190,29.99,0
78,38,9,0,17.09,0
82,105,37,112,17.99,0
93,9616,328,10086,29.99,681
59,0,0,0,0.0,0
81,220,6,263,13.49,22
78,145,17,137,17.99,0
87,4478,643,7891,59.99,339
63,144,71,185,17.99,0
81,358,16,373,22.49,0
79,96938,3225,84030,9.99,1283
84,33521,2000,55658,59.99,661
82,144,11,288,17.99,0
77,8955,1289,9356,59.99,348
81,3171,2152,4450,59.99,292
72,172,51,167,33.99,0
81,4367,7101,9452,59.99,434
65,169,41,138,2.49,75
79,1069,72,1076,35.99,87
80,2572,935,3536,19.99,0
83,731,146,939,29.99,56
75,99,57,147,19.99,463
60,39,8,0,1.99,0
94,9,8,0,7.5,0
76,224,91,296,49.99,0
57,300,257,456,9.99,84
76,52,6,0,16.99,0
79,124,103,193,49.99,0
83,32,12,0,8.99,0
77,1316,59,1395,29.99,0
76,29,3,0,16.99,0
83,1136,94,1288,24.99,0
65,37,29,0,25.49,0
78,3822,903,4110,0.0,305
94,25698,2047,22971,0.0,496
76,8926,13908,15652,0.0,6793
70,71,26,0,0.0,133
81,789,116,522,0.0,6
81,1579,140,931,0.0,29
64,556,2589,2971,0.0,122
91,10238,2623,11466,29.99,362
79,68,9,0,0.0,0
61,192,129,260,0.0,0
93,11878,1856,10569,0.0,590
27,14,24,0,0.0,0
58,23,17,0,0.0,0
90,4720,4114,6025,0.0,8381
53,136,236,187,0.0,0
74,30450,30445,46888,0.0,9237
61,2429,450,2079,0.0,1471
65,5757,1934,7066,0.0,695
60,1824,2215,3433,0.0,1447
64,1155,1004,1547,0.0,110
61,5383,3165,1280,0.0,332
77,812,230,858,0.0,344
63,173,254,244,0.0,182
74,9,33,0,0.0,0
83,11269,1410,4755,0.0,2583
78,1199,111,574,0.0,733
60,1031,500,767,0.0,207
61,1097,608,1047,0.0,1620
86,621,55,481,0.0,49
68,641,40,417,0.0,412
92,589,55,422,0.0,94
83,2390,163,2225,29.99,827
73,385,172,474,0.0,60
70,330,90,374,18.99,0
80,66,15,0,0.0,152
74,565,252,692,0.0,0
81,27945,2892,19047,29.99,2134
83,2362,554,2226,0.0,375
57,170,93,233,0.0,0
53,35,42,0,0.0,79
89,5158,760,3652,0.0,2586
93,73138,6484,68011,0.0,1531
57,7101,10182,13957,0.0,439
77,1129,157,1108,0.0,1634
43,2520,3386,3918,0.0,692
64,37,34,0,0.0,0
67,518,360,615,0.0,71
87,23716,4194,24886,59.99,716
77,828,117,818,0.0,1536
57,19,5,0,0.0,0
76,248,34,151,0.0,195
68,176,53,161,0.0,4
82,160,20,113,0.0,116
86,3821,642,2927,0.0,3098
91,9579,860,9049,0.0,2600
60,16610,5934,16855,0.0,1125
62,492,67,499,0.0,0
83,214,122,0,0.0,49
86,715,1169,1482,0.0,19
51,235,74,297,0.0,999
73,128,40,0,0.0,84
87,1097,646,0,0.0,1198
73,142,79,0,0.0,24
48,1113,1178,0,0.0,63
82,3945,838,159,0.0,655
63,381,164,116,0.0,157
73,1517,726,1582,0.0,272
65,148,209,297,0.0,144
54,148,70,149,0.0,0
78,41,19,0,0.0,0
69,5992,3694,3295,0.0,426
72,24,2,0,0.0,0
54,660,206,279,0.0,215
78,6668,1897,5141,0.0,888
67,197,20,174,0.0,0
65,2215,1592,0,0.0,26104
70,33,11,0,0.0,1
64,9674,2994,2482,0.0,577
72,5,10,0,0.0,0
67,611,216,0,0.0,38
87,11514,1699,8732,0.0,253
79,23,2,0,14.99,0
85,1515,77,1410,39.99,1180
89,59,0,0,12.99,0
88,1202,164,1397,31.49,837
79,8,0,0,14.99,0
80,2412,894,3071,49.99,981
82,193,64,224,19.99,0
81,1628,218,1631,19.99,2281
72,258,155,398,19.99,792
84,82,2,0,19.99,0
76,5721,2437,7139,24.99,690
85,2416,158,2147,24.99,671
80,15,1,0,19.99,0
68,240,68,277,29.99,0
75,6162,377,4083,49.99,361
77,204,14,192,17.99,0
80,2553,252,2065,39.99,1061
79,232,22,200,9.99,0
76,110,15,130,24.99,0
91,4831,102,4825,17.99,331
83,230,38,429,33.99,0
62,741,61,714,29.99,0
79,311,69,339,22.49,0
83,1811,74,1788,19.99,0
78,739,115,776,24.99,1524
82,13500,4783,12710,69.99,845
68,186,45,144,34.99,0
80,3074,240,2534,59.99,580
80,87,1,0,29.99,0
74,231,31,186,19.99,173
85,6484,82,6125,19.99,641
75,17,17,0,19.99,0
83,737,22,675,19.99,0
88,2349,70,2198,24.99,0
90,56,1,0,19.99,0
85,319,16,276,14.99,0
82,4564,651,4964,14.99,1072
80,1567,311,1897,35.99,0
81,0,0,0,9.99,0
